T_0,T_1,T_2,T_3,T_4,T_5,T_6,T_7,T_8,T_9,T_10,T_11,T_12,T_13,T_14,T_15,T_16,T_17,T_18,T_19,T_20,T_21,T_22,T_23,T_24,T_25,T_26,T_27,T_28,T_29,T_30,T_31,T_32,T_33,T_34,T_35,T_36,T_37,T_38,T_39,T_40,T_41,T_42,T_43,T_44,T_45,T_46,T_47,T_48,T_49,T_50,T_51,T_52,T_53,T_54,T_55,T_56,T_57,T_58,T_59,T_60,T_61,T_62,T_63,T_64,T_65,T_66,T_67,T_68,T_69,T_70,T_71,T_72,T_73,T_74,T_75,T_76,T_77,T_78,T_79,T_80,T_81,T_82,T_83,T_84,T_85,T_86,T_87,T_88,T_89,T_90,T_91,T_92,T_93,T_94,T_95,T_96,T_97,T_98,T_99,T_100,T_101,T_102,T_103,T_104,T_105,T_106,T_107,T_108,T_109,T_110,T_111,T_112,T_113,T_114,T_115,T_116,T_117,T_118,T_119,
1,2,2,3,4,5,7,11,16,24,33,49,67,97,113,140,182,223,284,330,422,500,597,722,889,1085,1316,1682,1945,2172,2353,2489,2655,2891,3225,3398,3618,3727,3857,4128,4407,4446,4264,3733,3226,2915,2507,2291,2228,2028,1863,1753,1600,1554,1442,1326,1174,1031,890,770,674,623,546,465,407,349,320,284,263,252,236,209,189,167,150,145,136,122,116,99,87,84,72,58,49,35,29,27,23,18,15,14,14,13,9,8,8,7,7,6,5,6,6,6,6,7,7,7,8,7,6,4,5,6,4,4,2,2,3,2,
1,2,2,3,4,5,7,11,16,24,33,49,67,97,113,140,182,223,284,330,422,500,597,722,889,1085,1316,1682,1945,2172,2353,2489,2655,2891,3225,3398,3618,3727,3857,4128,4407,4446,4264,3733,3226,2915,2507,2291,2228,2028,1863,1753,1600,1554,1442,1326,1174,1031,890,770,674,623,546,465,407,349,320,284,263,252,236,209,189,167,150,145,136,122,116,99,87,84,72,58,49,35,29,27,23,18,15,14,14,13,9,8,8,7,7,6,5,6,6,6,6,7,7,7,8,7,6,4,5,6,4,4,2,2,3,2,
1,2,3,2,6,7,10,16,26,33,48,70,91,103,120,168,221,285,386,461,615,766,866,964,1063,1190,1369,1699,2144,2529,3085,3672,4229,4668,4657,4624,4362,4422,4414,4259,3804,3460,3452,3530,3652,3434,3070,2933,2750,2543,2373,2053,1826,1780,1565,1355,1166,1022,870,770,716,640,552,505,453,416,370,370,385,390,396,356,316,271,220,199,177,155,138,128,111,99,101,84,67,61,56,40,32,29,24,22,17,15,13,11,8,8,8,7,7,6,6,7,6,8,6,6,5,6,10,9,7,4,4,4,6,9,7,8,
1,2,3,2,6,7,10,16,26,33,48,70,91,103,120,168,221,285,386,461,615,766,866,964,1063,1190,1369,1699,2144,2529,3085,3672,4229,4668,4657,4624,4362,4422,4414,4259,3804,3460,3452,3530,3652,3434,3070,2933,2750,2543,2373,2053,1826,1780,1565,1355,1166,1022,870,770,716,640,552,505,453,416,370,370,385,390,396,356,316,271,220,199,177,155,138,128,111,99,101,84,67,61,56,40,32,29,24,22,17,15,13,11,8,8,8,7,7,6,6,7,6,8,6,6,5,6,10,9,7,4,4,4,6,9,7,8,
1,1,2,4,7,13,20,19,25,29,34,42,66,83,103,146,189,226,275,357,382,464,553,689,856,1022,1215,1329,1639,2013,2349,2726,3202,3540,3730,3550,3523,3670,3971,4109,4075,4232,4188,3721,3193,2837,2711,2562,2440,2193,1908,1645,1457,1331,1144,1043,954,874,824,721,622,583,536,476,428,399,336,303,277,232,214,204,209,170,154,132,121,112,90,76,67,63,64,53,47,41,39,38,36,29,26,21,17,14,11,8,9,8,6,4,4,4,6,7,7,8,7,4,4,4,4,5,5,4,5,4,1,1,0,0,
1,1,2,3,2,4,4,7,11,18,31,45,56,76,90,125,161,221,298,353,431,541,667,795,932,1096,1245,1543,1891,2123,2419,2774,3085,3276,3650,3955,4204,4305,4313,4155,4281,4303,4153,3873,3276,2884,2565,2393,2294,2094,1964,1852,1694,1444,1268,1176,1115,1057,972,894,831,736,594,518,444,392,342,310,303,275,279,282,278,248,208,166,133,114,96,78,75,62,54,43,37,34,29,27,26,27,26,16,11,11,12,10,6,7,5,6,5,3,3,3,5,5,7,9,9,8,7,4,4,5,5,5,7,8,8,10,
1,2,2,5,7,8,11,18,26,35,48,65,81,89,114,163,197,249,316,391,459,534,576,665,807,993,1287,1632,1952,2323,2701,2976,3291,3521,3606,3844,4487,5100,5166,5313,5142,5032,5092,4590,4169,3705,3186,2841,2606,2474,2324,2243,2186,1965,1754,1480,1264,1179,1055,980,908,762,669,587,539,471,433,412,387,369,343,351,350,342,315,278,224,177,159,146,129,107,103,85,82,77,69,68,55,45,39,37,28,23,17,14,11,12,9,7,7,7,8,9,9,10,7,8,7,7,8,7,7,6,5,4,4,3,3,4,
1,2,2,5,7,8,11,18,26,35,48,65,81,89,114,163,197,249,316,391,459,534,576,665,807,993,1287,1632,1952,2323,2701,2976,3291,3521,3606,3844,4487,5100,5166,5313,5142,5032,5092,4590,4169,3705,3186,2841,2606,2474,2324,2243,2186,1965,1754,1480,1264,1179,1055,980,908,762,669,587,539,471,433,412,387,369,343,351,350,342,315,278,224,177,159,146,129,107,103,85,82,77,69,68,55,45,39,37,28,23,17,14,11,12,9,7,7,7,8,9,9,10,7,8,7,7,8,7,7,6,5,4,4,3,3,4,
1,2,2,5,7,8,11,18,26,35,48,65,81,89,114,163,197,249,316,391,459,534,576,665,807,993,1287,1632,1952,2323,2701,2976,3291,3521,3606,3844,4487,5100,5166,5313,5142,5032,5092,4590,4169,3705,3186,2841,2606,2474,2324,2243,2186,1965,1754,1480,1264,1179,1055,980,908,762,669,587,539,471,433,412,387,369,343,351,350,342,315,278,224,177,159,146,129,107,103,85,82,77,69,68,55,45,39,37,28,23,17,14,11,12,9,7,7,7,8,9,9,10,7,8,7,7,8,7,7,6,5,4,4,3,3,4,
1,2,2,5,7,8,11,18,26,35,48,65,81,89,114,163,197,249,316,391,459,534,576,665,807,993,1287,1632,1952,2323,2701,2976,3291,3521,3606,3844,4487,5100,5166,5313,5142,5032,5092,4590,4169,3705,3186,2841,2606,2474,2324,2243,2186,1965,1754,1480,1264,1179,1055,980,908,762,669,587,539,471,433,412,387,369,343,351,350,342,315,278,224,177,159,146,129,107,103,85,82,77,69,68,55,45,39,37,28,23,17,14,11,12,9,7,7,7,8,9,9,10,7,8,7,7,8,7,7,6,5,4,4,3,3,4,
1,2,2,5,7,8,11,18,26,35,48,65,81,89,114,163,197,249,316,391,459,534,576,665,807,993,1287,1632,1952,2323,2701,2976,3291,3521,3606,3844,4487,5100,5166,5313,5142,5032,5092,4590,4169,3705,3186,2841,2606,2474,2324,2243,2186,1965,1754,1480,1264,1179,1055,980,908,762,669,587,539,471,433,412,387,369,343,351,350,342,315,278,224,177,159,146,129,107,103,85,82,77,69,68,55,45,39,37,28,23,17,14,11,12,9,7,7,7,8,9,9,10,7,8,7,7,8,7,7,6,5,4,4,3,3,4,
1,2,2,5,7,8,11,18,26,35,48,65,81,89,114,163,197,249,316,391,459,534,576,665,807,993,1287,1632,1952,2323,2701,2976,3291,3521,3606,3844,4487,5100,5166,5313,5142,5032,5092,4590,4169,3705,3186,2841,2606,2474,2324,2243,2186,1965,1754,1480,1264,1179,1055,980,908,762,669,587,539,471,433,412,387,369,343,351,350,342,315,278,224,177,159,146,129,107,103,85,82,77,69,68,55,45,39,37,28,23,17,14,11,12,9,7,7,7,8,9,9,10,7,8,7,7,8,7,7,6,5,4,4,3,3,4,
1,2,2,5,7,8,11,18,26,35,48,65,81,89,114,163,197,249,316,391,459,534,576,665,807,993,1287,1632,1952,2323,2701,2976,3291,3521,3606,3844,4487,5100,5166,5313,5142,5032,5092,4590,4169,3705,3186,2841,2606,2474,2324,2243,2186,1965,1754,1480,1264,1179,1055,980,908,762,669,587,539,471,433,412,387,369,343,351,350,342,315,278,224,177,159,146,129,107,103,85,82,77,69,68,55,45,39,37,28,23,17,14,11,12,9,7,7,7,8,9,9,10,7,8,7,7,8,7,7,6,5,4,4,3,3,4,
1,2,2,5,7,8,11,18,26,35,48,65,81,89,114,163,197,249,316,391,459,534,576,665,807,993,1287,1632,1952,2323,2701,2976,3291,3521,3606,3844,4487,5100,5166,5313,5142,5032,5092,4590,4169,3705,3186,2841,2606,2474,2324,2243,2186,1965,1754,1480,1264,1179,1055,980,908,762,669,587,539,471,433,412,387,369,343,351,350,342,315,278,224,177,159,146,129,107,103,85,82,77,69,68,55,45,39,37,28,23,17,14,11,12,9,7,7,7,8,9,9,10,7,8,7,7,8,7,7,6,5,4,4,3,3,4,
1,2,2,5,7,8,11,18,26,35,48,65,81,89,114,163,197,249,316,391,459,534,576,665,807,993,1287,1632,1952,2323,2701,2976,3291,3521,3606,3844,4487,5100,5166,5313,5142,5032,5092,4590,4169,3705,3186,2841,2606,2474,2324,2243,2186,1965,1754,1480,1264,1179,1055,980,908,762,669,587,539,471,433,412,387,369,343,351,350,342,315,278,224,177,159,146,129,107,103,85,82,77,69,68,55,45,39,37,28,23,17,14,11,12,9,7,7,7,8,9,9,10,7,8,7,7,8,7,7,6,5,4,4,3,3,4,
1,3,4,8,12,12,12,19,28,31,43,62,71,87,98,105,120,150,185,231,287,369,493,619,819,1026,1243,1518,1791,2199,2666,3193,3455,3696,3912,4455,4726,4925,4712,4669,4590,4563,4297,4055,3741,3389,3043,2816,2593,2377,2144,1893,1805,1662,1581,1444,1289,1111,942,834,744,640,557,504,429,395,344,306,311,318,290,290,269,255,230,198,166,146,123,114,100,84,72,59,50,43,37,42,36,38,32,26,19,16,13,9,8,6,8,8,7,5,7,6,8,9,8,7,5,5,5,3,2,1,1,1,0,0,0,0,
1,2,4,4,4,7,9,13,16,24,34,46,65,87,115,145,169,216,282,337,402,516,633,758,896,1059,1245,1511,1786,2007,2227,2501,2725,3110,3497,3996,4299,4657,4926,5028,4930,4831,4606,4352,4175,3883,3580,3296,2959,2736,2516,2250,1886,1654,1517,1426,1239,1087,991,924,840,748,650,544,458,422,378,339,330,311,283,256,269,255,256,253,216,191,164,141,123,112,98,82,71,62,58,52,51,38,35,31,22,18,16,13,10,9,9,9,7,7,6,6,7,6,6,6,7,8,11,10,8,8,7,5,5,4,3,3,
1,2,4,4,4,7,9,13,16,24,34,46,65,87,115,145,169,216,282,337,402,516,633,758,896,1059,1245,1511,1786,2007,2227,2501,2725,3110,3497,3996,4299,4657,4926,5028,4930,4831,4606,4352,4175,3883,3580,3296,2959,2736,2516,2250,1886,1654,1517,1426,1239,1087,991,924,840,748,650,544,458,422,378,339,330,311,283,256,269,255,256,253,216,191,164,141,123,112,98,82,71,62,58,52,51,38,35,31,22,18,16,13,10,9,9,9,7,7,6,6,7,6,6,6,7,8,11,10,8,8,7,5,5,4,3,3,
1,2,4,4,4,7,9,13,16,24,34,46,65,87,115,145,169,216,282,337,402,516,633,758,896,1059,1245,1511,1786,2007,2227,2501,2725,3110,3497,3996,4299,4657,4926,5028,4930,4831,4606,4352,4175,3883,3580,3296,2959,2736,2516,2250,1886,1654,1517,1426,1239,1087,991,924,840,748,650,544,458,422,378,339,330,311,283,256,269,255,256,253,216,191,164,141,123,112,98,82,71,62,58,52,51,38,35,31,22,18,16,13,10,9,9,9,7,7,6,6,7,6,6,6,7,8,11,10,8,8,7,5,5,4,3,3,
1,2,4,4,4,7,9,13,16,24,34,46,65,87,115,145,169,216,282,337,402,516,633,758,896,1059,1245,1511,1786,2007,2227,2501,2725,3110,3497,3996,4299,4657,4926,5028,4930,4831,4606,4352,4175,3883,3580,3296,2959,2736,2516,2250,1886,1654,1517,1426,1239,1087,991,924,840,748,650,544,458,422,378,339,330,311,283,256,269,255,256,253,216,191,164,141,123,112,98,82,71,62,58,52,51,38,35,31,22,18,16,13,10,9,9,9,7,7,6,6,7,6,6,6,7,8,11,10,8,8,7,5,5,4,3,3,
1,2,4,4,4,7,9,13,16,24,34,46,65,87,115,145,169,216,282,337,402,516,633,758,896,1059,1245,1511,1786,2007,2227,2501,2725,3110,3497,3996,4299,4657,4926,5028,4930,4831,4606,4352,4175,3883,3580,3296,2959,2736,2516,2250,1886,1654,1517,1426,1239,1087,991,924,840,748,650,544,458,422,378,339,330,311,283,256,269,255,256,253,216,191,164,141,123,112,98,82,71,62,58,52,51,38,35,31,22,18,16,13,10,9,9,9,7,7,6,6,7,6,6,6,7,8,11,10,8,8,7,5,5,4,3,3,
1,2,4,4,4,7,9,13,16,24,34,46,65,87,115,145,169,216,282,337,402,516,633,758,896,1059,1245,1511,1786,2007,2227,2501,2725,3110,3497,3996,4299,4657,4926,5028,4930,4831,4606,4352,4175,3883,3580,3296,2959,2736,2516,2250,1886,1654,1517,1426,1239,1087,991,924,840,748,650,544,458,422,378,339,330,311,283,256,269,255,256,253,216,191,164,141,123,112,98,82,71,62,58,52,51,38,35,31,22,18,16,13,10,9,9,9,7,7,6,6,7,6,6,6,7,8,11,10,8,8,7,5,5,4,3,3,
1,2,4,4,4,7,9,13,16,24,34,46,65,87,115,145,169,216,282,337,402,516,633,758,896,1059,1245,1511,1786,2007,2227,2501,2725,3110,3497,3996,4299,4657,4926,5028,4930,4831,4606,4352,4175,3883,3580,3296,2959,2736,2516,2250,1886,1654,1517,1426,1239,1087,991,924,840,748,650,544,458,422,378,339,330,311,283,256,269,255,256,253,216,191,164,141,123,112,98,82,71,62,58,52,51,38,35,31,22,18,16,13,10,9,9,9,7,7,6,6,7,6,6,6,7,8,11,10,8,8,7,5,5,4,3,3,
1,2,4,4,4,7,9,13,16,24,34,46,65,87,115,145,169,216,282,337,402,516,633,758,896,1059,1245,1511,1786,2007,2227,2501,2725,3110,3497,3996,4299,4657,4926,5028,4930,4831,4606,4352,4175,3883,3580,3296,2959,2736,2516,2250,1886,1654,1517,1426,1239,1087,991,924,840,748,650,544,458,422,378,339,330,311,283,256,269,255,256,253,216,191,164,141,123,112,98,82,71,62,58,52,51,38,35,31,22,18,16,13,10,9,9,9,7,7,6,6,7,6,6,6,7,8,11,10,8,8,7,5,5,4,3,3,
1,2,4,4,4,7,9,13,16,24,34,46,65,87,115,145,169,216,282,337,402,516,633,758,896,1059,1245,1511,1786,2007,2227,2501,2725,3110,3497,3996,4299,4657,4926,5028,4930,4831,4606,4352,4175,3883,3580,3296,2959,2736,2516,2250,1886,1654,1517,1426,1239,1087,991,924,840,748,650,544,458,422,378,339,330,311,283,256,269,255,256,253,216,191,164,141,123,112,98,82,71,62,58,52,51,38,35,31,22,18,16,13,10,9,9,9,7,7,6,6,7,6,6,6,7,8,11,10,8,8,7,5,5,4,3,3,
1,2,4,4,4,7,9,13,16,24,34,46,65,87,115,145,169,216,282,337,402,516,633,758,896,1059,1245,1511,1786,2007,2227,2501,2725,3110,3497,3996,4299,4657,4926,5028,4930,4831,4606,4352,4175,3883,3580,3296,2959,2736,2516,2250,1886,1654,1517,1426,1239,1087,991,924,840,748,650,544,458,422,378,339,330,311,283,256,269,255,256,253,216,191,164,141,123,112,98,82,71,62,58,52,51,38,35,31,22,18,16,13,10,9,9,9,7,7,6,6,7,6,6,6,7,8,11,10,8,8,7,5,5,4,3,3,
1,1,2,2,5,9,11,17,29,45,47,61,83,108,139,149,160,185,210,260,323,433,559,727,920,1135,1315,1497,1716,2036,2396,2797,3325,3755,3905,4195,4414,4701,4992,5006,5020,4777,4461,4160,3718,3532,3142,2824,2534,2234,2045,1908,1790,1813,1690,1545,1396,1207,1031,883,783,703,599,521,460,398,367,353,335,285,279,265,250,236,207,171,160,146,139,124,102,83,72,61,52,47,39,34,27,26,27,22,16,16,16,15,9,8,7,6,7,8,7,7,7,8,9,10,12,12,10,8,6,5,4,3,4,5,5,4,
1,4,5,8,10,16,20,26,30,36,42,54,71,88,109,132,151,192,228,273,341,429,578,754,1057,1360,1556,1801,2071,2361,2777,2990,3188,3498,3819,4151,4600,4713,4775,4661,4513,4293,4201,3823,3497,3272,3124,2870,2557,2361,2274,2102,1939,1835,1686,1508,1311,1165,1035,867,715,628,540,461,409,371,354,314,303,289,267,247,232,215,191,169,144,129,114,99,89,76,66,51,45,44,40,35,30,24,22,16,13,13,12,7,9,8,6,7,8,7,7,8,9,10,9,7,6,1,1,1,1,1,1,1,1,1,0,0,
1,4,5,8,10,16,20,26,30,36,42,54,71,88,109,132,151,192,228,273,341,429,578,754,1057,1360,1556,1801,2071,2361,2777,2990,3188,3498,3819,4151,4600,4713,4775,4661,4513,4293,4201,3823,3497,3272,3124,2870,2557,2361,2274,2102,1939,1835,1686,1508,1311,1165,1035,867,715,628,540,461,409,371,354,314,303,289,267,247,232,215,191,169,144,129,114,99,89,76,66,51,45,44,40,35,30,24,22,16,13,13,12,7,9,8,6,7,8,7,7,8,9,10,9,7,6,1,1,1,1,1,1,1,1,1,0,0,
1,2,4,5,10,15,15,18,29,40,53,68,100,134,153,163,173,211,263,318,369,426,517,673,816,1011,1282,1665,2078,2529,2965,3584,4248,4724,4727,4506,4135,3908,3440,3183,3189,3189,3171,3137,3077,3130,3019,2798,2568,2251,1936,1759,1600,1428,1267,1152,1033,890,787,687,611,574,510,459,397,357,312,268,268,245,245,229,208,180,169,153,131,109,98,88,79,65,58,55,42,31,29,28,31,28,23,18,20,17,14,12,11,11,7,5,4,5,5,5,6,5,4,4,5,6,8,6,5,4,4,5,5,5,5,3,
1,2,4,5,10,15,15,18,29,40,53,68,100,134,153,163,173,211,263,318,369,426,517,673,816,1011,1282,1665,2078,2529,2965,3584,4248,4724,4727,4506,4135,3908,3440,3183,3189,3189,3171,3137,3077,3130,3019,2798,2568,2251,1936,1759,1600,1428,1267,1152,1033,890,787,687,611,574,510,459,397,357,312,268,268,245,245,229,208,180,169,153,131,109,98,88,79,65,58,55,42,31,29,28,31,28,23,18,20,17,14,12,11,11,7,5,4,5,5,5,6,5,4,4,5,6,8,6,5,4,4,5,5,5,5,3,
1,2,4,5,10,15,15,18,29,40,53,68,100,134,153,163,173,211,263,318,369,426,517,673,816,1011,1282,1665,2078,2529,2965,3584,4248,4724,4727,4506,4135,3908,3440,3183,3189,3189,3171,3137,3077,3130,3019,2798,2568,2251,1936,1759,1600,1428,1267,1152,1033,890,787,687,611,574,510,459,397,357,312,268,268,245,245,229,208,180,169,153,131,109,98,88,79,65,58,55,42,31,29,28,31,28,23,18,20,17,14,12,11,11,7,5,4,5,5,5,6,5,4,4,5,6,8,6,5,4,4,5,5,5,5,3,
1,2,4,5,10,15,15,18,29,40,53,68,100,134,153,163,173,211,263,318,369,426,517,673,816,1011,1282,1665,2078,2529,2965,3584,4248,4724,4727,4506,4135,3908,3440,3183,3189,3189,3171,3137,3077,3130,3019,2798,2568,2251,1936,1759,1600,1428,1267,1152,1033,890,787,687,611,574,510,459,397,357,312,268,268,245,245,229,208,180,169,153,131,109,98,88,79,65,58,55,42,31,29,28,31,28,23,18,20,17,14,12,11,11,7,5,4,5,5,5,6,5,4,4,5,6,8,6,5,4,4,5,5,5,5,3,
1,2,4,5,10,15,15,18,29,40,53,68,100,134,153,163,173,211,263,318,369,426,517,673,816,1011,1282,1665,2078,2529,2965,3584,4248,4724,4727,4506,4135,3908,3440,3183,3189,3189,3171,3137,3077,3130,3019,2798,2568,2251,1936,1759,1600,1428,1267,1152,1033,890,787,687,611,574,510,459,397,357,312,268,268,245,245,229,208,180,169,153,131,109,98,88,79,65,58,55,42,31,29,28,31,28,23,18,20,17,14,12,11,11,7,5,4,5,5,5,6,5,4,4,5,6,8,6,5,4,4,5,5,5,5,3,
1,2,4,5,10,15,15,18,29,40,53,68,100,134,153,163,173,211,263,318,369,426,517,673,816,1011,1282,1665,2078,2529,2965,3584,4248,4724,4727,4506,4135,3908,3440,3183,3189,3189,3171,3137,3077,3130,3019,2798,2568,2251,1936,1759,1600,1428,1267,1152,1033,890,787,687,611,574,510,459,397,357,312,268,268,245,245,229,208,180,169,153,131,109,98,88,79,65,58,55,42,31,29,28,31,28,23,18,20,17,14,12,11,11,7,5,4,5,5,5,6,5,4,4,5,6,8,6,5,4,4,5,5,5,5,3,
1,2,2,4,5,9,16,20,26,30,39,55,81,108,146,201,206,260,316,365,442,570,702,861,1049,1332,1608,1984,2452,2845,3108,3226,3312,3509,3506,3635,3854,4085,4349,4277,4154,3964,3737,3383,3211,3099,2828,2515,2310,2266,2093,1978,1787,1542,1311,1266,1170,1107,932,829,703,609,508,430,399,350,342,341,335,302,265,247,243,211,177,152,130,117,101,92,79,67,52,54,45,42,34,28,27,24,24,20,18,15,11,10,9,8,6,5,4,4,4,4,4,3,6,8,5,5,5,4,5,4,4,3,1,2,2,2,
1,1,3,6,10,15,25,26,31,42,63,79,102,116,121,144,173,199,232,253,287,354,438,536,699,913,1148,1438,1835,2096,2411,2855,3306,3712,3753,3904,4102,4215,4080,3869,3649,3614,3558,3545,3368,3277,3056,2561,2239,1935,1765,1652,1502,1430,1307,1209,1031,879,769,728,720,601,519,492,432,373,312,281,277,255,224,201,198,183,159,150,138,114,109,102,97,86,77,72,63,55,47,38,29,21,15,9,9,6,4,4,4,3,3,3,3,3,3,3,3,3,3,3,4,8,6,6,7,6,6,5,5,5,5,5,
1,1,3,6,10,15,25,26,31,42,63,79,102,116,121,144,173,199,232,253,287,354,438,536,699,913,1148,1438,1835,2096,2411,2855,3306,3712,3753,3904,4102,4215,4080,3869,3649,3614,3558,3545,3368,3277,3056,2561,2239,1935,1765,1652,1502,1430,1307,1209,1031,879,769,728,720,601,519,492,432,373,312,281,277,255,224,201,198,183,159,150,138,114,109,102,97,86,77,72,63,55,47,38,29,21,15,9,9,6,4,4,4,3,3,3,3,3,3,3,3,3,3,3,4,8,6,6,7,6,6,5,5,5,5,5,
1,1,3,6,10,15,25,26,31,42,63,79,102,116,121,144,173,199,232,253,287,354,438,536,699,913,1148,1438,1835,2096,2411,2855,3306,3712,3753,3904,4102,4215,4080,3869,3649,3614,3558,3545,3368,3277,3056,2561,2239,1935,1765,1652,1502,1430,1307,1209,1031,879,769,728,720,601,519,492,432,373,312,281,277,255,224,201,198,183,159,150,138,114,109,102,97,86,77,72,63,55,47,38,29,21,15,9,9,6,4,4,4,3,3,3,3,3,3,3,3,3,3,3,4,8,6,6,7,6,6,5,5,5,5,5,
1,1,3,6,10,15,25,26,31,42,63,79,102,116,121,144,173,199,232,253,287,354,438,536,699,913,1148,1438,1835,2096,2411,2855,3306,3712,3753,3904,4102,4215,4080,3869,3649,3614,3558,3545,3368,3277,3056,2561,2239,1935,1765,1652,1502,1430,1307,1209,1031,879,769,728,720,601,519,492,432,373,312,281,277,255,224,201,198,183,159,150,138,114,109,102,97,86,77,72,63,55,47,38,29,21,15,9,9,6,4,4,4,3,3,3,3,3,3,3,3,3,3,3,4,8,6,6,7,6,6,5,5,5,5,5,
1,1,3,6,10,15,25,26,31,42,63,79,102,116,121,144,173,199,232,253,287,354,438,536,699,913,1148,1438,1835,2096,2411,2855,3306,3712,3753,3904,4102,4215,4080,3869,3649,3614,3558,3545,3368,3277,3056,2561,2239,1935,1765,1652,1502,1430,1307,1209,1031,879,769,728,720,601,519,492,432,373,312,281,277,255,224,201,198,183,159,150,138,114,109,102,97,86,77,72,63,55,47,38,29,21,15,9,9,6,4,4,4,3,3,3,3,3,3,3,3,3,3,3,4,8,6,6,7,6,6,5,5,5,5,5,
1,2,2,3,6,9,12,19,24,29,45,65,85,101,133,161,181,220,241,267,321,383,513,659,856,1084,1371,1708,2100,2557,3080,3615,3813,4109,4002,3860,3770,3959,4125,4312,4567,4820,4700,4247,3683,3164,2831,2673,2478,2315,2195,2051,1834,1624,1479,1360,1262,1104,976,835,781,713,640,560,494,441,401,384,374,322,305,277,245,219,198,151,140,140,132,114,99,90,72,68,62,53,53,47,37,35,35,26,21,18,15,12,8,4,3,3,5,5,3,3,4,5,5,9,6,7,8,7,7,6,5,5,2,2,2,-1,
1,2,4,8,9,14,17,24,32,44,53,72,93,106,132,174,225,252,292,314,346,428,493,586,781,1005,1221,1403,1778,2210,2665,3048,3398,3631,3753,4212,4322,4550,4485,4466,4289,4060,3859,3764,3665,3529,3277,3003,2718,2425,2165,1962,1783,1688,1534,1442,1269,1111,983,849,704,645,570,530,472,407,381,328,328,327,301,265,245,216,218,210,191,177,144,126,104,83,71,64,65,57,50,46,40,40,33,26,20,20,17,14,10,8,6,8,7,5,5,4,6,6,6,7,10,10,10,6,5,6,7,7,6,5,5,4,
1,2,5,7,11,12,14,18,24,26,28,45,54,83,108,140,178,235,280,356,432,522,658,807,937,1133,1363,1617,1787,2046,2381,2847,3209,3679,4065,4439,4756,4828,4922,4758,4411,4200,4022,3893,3738,3522,3381,3176,2771,2543,2267,2095,1830,1786,1760,1528,1296,1104,974,801,650,544,461,388,359,344,362,350,371,375,389,377,335,297,259,235,189,157,123,104,89,68,55,49,43,36,28,26,18,15,10,9,8,10,9,9,8,8,8,6,6,5,5,5,5,6,5,5,5,6,7,10,5,7,7,5,4,4,5,6,
1,2,5,7,11,12,14,18,24,26,28,45,54,83,108,140,178,235,280,356,432,522,658,807,937,1133,1363,1617,1787,2046,2381,2847,3209,3679,4065,4439,4756,4828,4922,4758,4411,4200,4022,3893,3738,3522,3381,3176,2771,2543,2267,2095,1830,1786,1760,1528,1296,1104,974,801,650,544,461,388,359,344,362,350,371,375,389,377,335,297,259,235,189,157,123,104,89,68,55,49,43,36,28,26,18,15,10,9,8,10,9,9,8,8,8,6,6,5,5,5,5,6,5,5,5,6,7,10,5,7,7,5,4,4,5,6,
1,2,5,7,9,11,15,18,25,35,45,58,84,92,109,137,160,185,250,335,432,582,694,875,1067,1345,1668,1915,2112,2209,2391,2627,3057,3630,4101,4644,4889,4917,4518,3985,3582,3577,3507,3545,3485,3275,3074,2835,2579,2481,2243,2043,1814,1522,1341,1293,1151,947,794,710,663,593,527,462,438,403,372,353,338,345,328,306,284,242,210,181,163,146,121,110,93,82,68,61,57,49,44,37,36,27,20,19,16,15,10,7,8,9,8,8,5,4,4,6,7,8,10,8,10,11,8,9,5,5,3,4,5,6,7,8,
1,4,5,3,4,7,10,16,24,32,33,48,57,87,106,139,171,223,267,317,384,497,581,707,782,956,1143,1369,1518,1723,2016,2304,2724,3263,3681,3964,4016,3866,3802,3872,3815,3552,3490,3318,3393,3005,2672,2502,2232,2093,2009,1861,1713,1556,1370,1175,1031,942,817,688,624,556,474,415,362,315,269,247,244,240,219,192,180,168,152,148,132,120,109,96,91,81,59,55,46,39,40,37,32,37,35,34,30,26,22,20,12,10,5,5,6,4,5,7,7,8,10,8,5,4,4,4,4,4,4,4,4,2,2,2,
1,4,5,3,4,7,10,16,24,32,33,48,57,87,106,139,171,223,267,317,384,497,581,707,782,956,1143,1369,1518,1723,2016,2304,2724,3263,3681,3964,4016,3866,3802,3872,3815,3552,3490,3318,3393,3005,2672,2502,2232,2093,2009,1861,1713,1556,1370,1175,1031,942,817,688,624,556,474,415,362,315,269,247,244,240,219,192,180,168,152,148,132,120,109,96,91,81,59,55,46,39,40,37,32,37,35,34,30,26,22,20,12,10,5,5,6,4,5,7,7,8,10,8,5,4,4,4,4,4,4,4,4,2,2,2,
1,1,2,3,4,6,6,10,15,22,27,37,57,81,115,156,192,241,293,370,443,512,625,743,829,941,1125,1374,1748,2132,2592,3042,3459,4025,4462,4725,4627,4576,4456,4123,3794,3433,3456,3586,3523,3379,3080,2940,2803,2517,2225,1922,1659,1473,1388,1250,1136,1024,920,808,752,666,567,501,438,374,330,305,302,284,255,227,199,190,174,151,127,107,98,90,80,79,75,64,55,49,48,42,36,29,24,17,16,13,9,6,5,4,6,6,5,5,6,5,5,5,5,6,8,8,8,10,5,4,5,5,5,5,5,5,
1,1,2,3,4,6,6,10,15,22,27,37,57,81,115,156,192,241,293,370,443,512,625,743,829,941,1125,1374,1748,2132,2592,3042,3459,4025,4462,4725,4627,4576,4456,4123,3794,3433,3456,3586,3523,3379,3080,2940,2803,2517,2225,1922,1659,1473,1388,1250,1136,1024,920,808,752,666,567,501,438,374,330,305,302,284,255,227,199,190,174,151,127,107,98,90,80,79,75,64,55,49,48,42,36,29,24,17,16,13,9,6,5,4,6,6,5,5,6,5,5,5,5,6,8,8,8,10,5,4,5,5,5,5,5,5,
1,1,2,3,4,6,6,10,15,22,27,37,57,81,115,156,192,241,293,370,443,512,625,743,829,941,1125,1374,1748,2132,2592,3042,3459,4025,4462,4725,4627,4576,4456,4123,3794,3433,3456,3586,3523,3379,3080,2940,2803,2517,2225,1922,1659,1473,1388,1250,1136,1024,920,808,752,666,567,501,438,374,330,305,302,284,255,227,199,190,174,151,127,107,98,90,80,79,75,64,55,49,48,42,36,29,24,17,16,13,9,6,5,4,6,6,5,5,6,5,5,5,5,6,8,8,8,10,5,4,5,5,5,5,5,5,
1,1,3,3,4,4,8,14,16,30,38,45,49,75,78,105,129,156,202,245,291,370,455,599,773,871,1083,1335,1627,2022,2365,2633,2839,3118,3427,3664,3890,4198,4622,4980,5009,4789,4477,4056,3596,3031,2928,2881,2702,2508,2322,2004,1770,1569,1380,1215,1068,994,883,801,735,625,524,475,437,398,389,379,348,314,287,255,242,223,211,191,193,183,160,141,124,99,88,74,56,46,39,33,29,24,22,19,19,18,14,11,5,6,4,4,4,6,7,9,7,6,7,10,12,12,7,6,7,6,6,6,6,6,4,3,
1,1,3,3,4,4,8,14,16,30,38,45,49,75,78,105,129,156,202,245,291,370,455,599,773,871,1083,1335,1627,2022,2365,2633,2839,3118,3427,3664,3890,4198,4622,4980,5009,4789,4477,4056,3596,3031,2928,2881,2702,2508,2322,2004,1770,1569,1380,1215,1068,994,883,801,735,625,524,475,437,398,389,379,348,314,287,255,242,223,211,191,193,183,160,141,124,99,88,74,56,46,39,33,29,24,22,19,19,18,14,11,5,6,4,4,4,6,7,9,7,6,7,10,12,12,7,6,7,6,6,6,6,6,4,3,
1,3,6,10,14,19,20,26,34,36,44,62,74,93,119,137,164,207,264,319,404,476,562,676,752,847,1078,1329,1558,1857,2143,2336,2608,2926,3452,3752,4119,4687,5132,5405,5247,4895,4599,4281,3777,3474,3213,2980,2735,2521,2400,2154,1895,1680,1430,1279,1142,976,861,776,677,580,483,441,397,361,345,329,333,335,298,263,250,221,201,167,140,125,104,93,83,65,58,51,45,42,36,33,28,26,22,16,13,14,13,13,12,9,7,8,7,6,5,6,5,5,7,8,8,7,8,9,9,7,9,6,5,2,2,2,
1,3,6,10,14,19,20,26,34,36,44,62,74,93,119,137,164,207,264,319,404,476,562,676,752,847,1078,1329,1558,1857,2143,2336,2608,2926,3452,3752,4119,4687,5132,5405,5247,4895,4599,4281,3777,3474,3213,2980,2735,2521,2400,2154,1895,1680,1430,1279,1142,976,861,776,677,580,483,441,397,361,345,329,333,335,298,263,250,221,201,167,140,125,104,93,83,65,58,51,45,42,36,33,28,26,22,16,13,14,13,13,12,9,7,8,7,6,5,6,5,5,7,8,8,7,8,9,9,7,9,6,5,2,2,2,
1,4,7,8,12,14,22,20,29,43,62,79,86,120,131,156,181,226,262,337,435,540,638,754,876,1050,1245,1487,1718,2077,2514,2990,3494,3844,3981,4159,4217,4383,4348,4158,3922,3827,3545,3396,3402,3206,3046,2710,2327,2074,1871,1724,1546,1429,1411,1304,1160,1056,909,763,695,627,565,490,440,395,374,357,325,308,289,257,230,216,216,187,162,141,116,91,78,73,67,62,57,48,45,37,30,26,23,18,19,15,11,9,7,7,4,4,4,4,4,3,4,3,4,5,5,5,7,8,4,3,2,2,2,2,2,2,
1,4,7,8,12,14,22,20,29,43,62,79,86,120,131,156,181,226,262,337,435,540,638,754,876,1050,1245,1487,1718,2077,2514,2990,3494,3844,3981,4159,4217,4383,4348,4158,3922,3827,3545,3396,3402,3206,3046,2710,2327,2074,1871,1724,1546,1429,1411,1304,1160,1056,909,763,695,627,565,490,440,395,374,357,325,308,289,257,230,216,216,187,162,141,116,91,78,73,67,62,57,48,45,37,30,26,23,18,19,15,11,9,7,7,4,4,4,4,4,3,4,3,4,5,5,5,7,8,4,3,2,2,2,2,2,2,
1,4,7,8,12,14,22,20,29,43,62,79,86,120,131,156,181,226,262,337,435,540,638,754,876,1050,1245,1487,1718,2077,2514,2990,3494,3844,3981,4159,4217,4383,4348,4158,3922,3827,3545,3396,3402,3206,3046,2710,2327,2074,1871,1724,1546,1429,1411,1304,1160,1056,909,763,695,627,565,490,440,395,374,357,325,308,289,257,230,216,216,187,162,141,116,91,78,73,67,62,57,48,45,37,30,26,23,18,19,15,11,9,7,7,4,4,4,4,4,3,4,3,4,5,5,5,7,8,4,3,2,2,2,2,2,2,
1,2,3,4,3,4,10,13,17,29,40,53,70,87,103,113,139,172,235,293,378,481,625,768,949,1142,1403,1699,2029,2402,2772,3191,3478,3620,3734,3850,4005,4361,4366,4296,4221,3932,3807,3635,3543,3307,3025,2712,2392,2222,2038,1829,1751,1577,1349,1198,1109,999,898,784,689,609,543,490,434,385,327,307,290,284,273,251,219,186,175,157,150,138,121,101,87,80,78,68,59,57,51,35,33,27,24,21,19,18,14,11,11,9,7,7,7,7,7,7,7,7,11,9,8,5,6,6,5,5,5,4,4,4,4,4,
1,2,3,4,3,4,10,13,17,29,40,53,70,87,103,113,139,172,235,293,378,481,625,768,949,1142,1403,1699,2029,2402,2772,3191,3478,3620,3734,3850,4005,4361,4366,4296,4221,3932,3807,3635,3543,3307,3025,2712,2392,2222,2038,1829,1751,1577,1349,1198,1109,999,898,784,689,609,543,490,434,385,327,307,290,284,273,251,219,186,175,157,150,138,121,101,87,80,78,68,59,57,51,35,33,27,24,21,19,18,14,11,11,9,7,7,7,7,7,7,7,7,11,9,8,5,6,6,5,5,5,4,4,4,4,4,
1,2,3,4,3,4,10,13,17,29,40,53,70,87,103,113,139,172,235,293,378,481,625,768,949,1142,1403,1699,2029,2402,2772,3191,3478,3620,3734,3850,4005,4361,4366,4296,4221,3932,3807,3635,3543,3307,3025,2712,2392,2222,2038,1829,1751,1577,1349,1198,1109,999,898,784,689,609,543,490,434,385,327,307,290,284,273,251,219,186,175,157,150,138,121,101,87,80,78,68,59,57,51,35,33,27,24,21,19,18,14,11,11,9,7,7,7,7,7,7,7,7,11,9,8,5,6,6,5,5,5,4,4,4,4,4,
1,2,3,4,3,4,10,13,17,29,40,53,70,87,103,113,139,172,235,293,378,481,625,768,949,1142,1403,1699,2029,2402,2772,3191,3478,3620,3734,3850,4005,4361,4366,4296,4221,3932,3807,3635,3543,3307,3025,2712,2392,2222,2038,1829,1751,1577,1349,1198,1109,999,898,784,689,609,543,490,434,385,327,307,290,284,273,251,219,186,175,157,150,138,121,101,87,80,78,68,59,57,51,35,33,27,24,21,19,18,14,11,11,9,7,7,7,7,7,7,7,7,11,9,8,5,6,6,5,5,5,4,4,4,4,4,
1,2,3,4,3,4,10,13,17,29,40,53,70,87,103,113,139,172,235,293,378,481,625,768,949,1142,1403,1699,2029,2402,2772,3191,3478,3620,3734,3850,4005,4361,4366,4296,4221,3932,3807,3635,3543,3307,3025,2712,2392,2222,2038,1829,1751,1577,1349,1198,1109,999,898,784,689,609,543,490,434,385,327,307,290,284,273,251,219,186,175,157,150,138,121,101,87,80,78,68,59,57,51,35,33,27,24,21,19,18,14,11,11,9,7,7,7,7,7,7,7,7,11,9,8,5,6,6,5,5,5,4,4,4,4,4,
1,2,3,4,3,4,10,13,17,29,40,53,70,87,103,113,139,172,235,293,378,481,625,768,949,1142,1403,1699,2029,2402,2772,3191,3478,3620,3734,3850,4005,4361,4366,4296,4221,3932,3807,3635,3543,3307,3025,2712,2392,2222,2038,1829,1751,1577,1349,1198,1109,999,898,784,689,609,543,490,434,385,327,307,290,284,273,251,219,186,175,157,150,138,121,101,87,80,78,68,59,57,51,35,33,27,24,21,19,18,14,11,11,9,7,7,7,7,7,7,7,7,11,9,8,5,6,6,5,5,5,4,4,4,4,4,
1,2,3,4,3,4,10,13,17,29,40,53,70,87,103,113,139,172,235,293,378,481,625,768,949,1142,1403,1699,2029,2402,2772,3191,3478,3620,3734,3850,4005,4361,4366,4296,4221,3932,3807,3635,3543,3307,3025,2712,2392,2222,2038,1829,1751,1577,1349,1198,1109,999,898,784,689,609,543,490,434,385,327,307,290,284,273,251,219,186,175,157,150,138,121,101,87,80,78,68,59,57,51,35,33,27,24,21,19,18,14,11,11,9,7,7,7,7,7,7,7,7,11,9,8,5,6,6,5,5,5,4,4,4,4,4,
1,2,3,4,3,4,10,13,17,29,40,53,70,87,103,113,139,172,235,293,378,481,625,768,949,1142,1403,1699,2029,2402,2772,3191,3478,3620,3734,3850,4005,4361,4366,4296,4221,3932,3807,3635,3543,3307,3025,2712,2392,2222,2038,1829,1751,1577,1349,1198,1109,999,898,784,689,609,543,490,434,385,327,307,290,284,273,251,219,186,175,157,150,138,121,101,87,80,78,68,59,57,51,35,33,27,24,21,19,18,14,11,11,9,7,7,7,7,7,7,7,7,11,9,8,5,6,6,5,5,5,4,4,4,4,4,
1,2,3,4,3,4,10,13,17,29,40,53,70,87,103,113,139,172,235,293,378,481,625,768,949,1142,1403,1699,2029,2402,2772,3191,3478,3620,3734,3850,4005,4361,4366,4296,4221,3932,3807,3635,3543,3307,3025,2712,2392,2222,2038,1829,1751,1577,1349,1198,1109,999,898,784,689,609,543,490,434,385,327,307,290,284,273,251,219,186,175,157,150,138,121,101,87,80,78,68,59,57,51,35,33,27,24,21,19,18,14,11,11,9,7,7,7,7,7,7,7,7,11,9,8,5,6,6,5,5,5,4,4,4,4,4,
1,2,3,4,3,4,10,13,17,29,40,53,70,87,103,113,139,172,235,293,378,481,625,768,949,1142,1403,1699,2029,2402,2772,3191,3478,3620,3734,3850,4005,4361,4366,4296,4221,3932,3807,3635,3543,3307,3025,2712,2392,2222,2038,1829,1751,1577,1349,1198,1109,999,898,784,689,609,543,490,434,385,327,307,290,284,273,251,219,186,175,157,150,138,121,101,87,80,78,68,59,57,51,35,33,27,24,21,19,18,14,11,11,9,7,7,7,7,7,7,7,7,11,9,8,5,6,6,5,5,5,4,4,4,4,4,
1,2,3,4,3,4,10,13,17,29,40,53,70,87,103,113,139,172,235,293,378,481,625,768,949,1142,1403,1699,2029,2402,2772,3191,3478,3620,3734,3850,4005,4361,4366,4296,4221,3932,3807,3635,3543,3307,3025,2712,2392,2222,2038,1829,1751,1577,1349,1198,1109,999,898,784,689,609,543,490,434,385,327,307,290,284,273,251,219,186,175,157,150,138,121,101,87,80,78,68,59,57,51,35,33,27,24,21,19,18,14,11,11,9,7,7,7,7,7,7,7,7,11,9,8,5,6,6,5,5,5,4,4,4,4,4,
1,2,3,4,3,4,10,13,17,29,40,53,70,87,103,113,139,172,235,293,378,481,625,768,949,1142,1403,1699,2029,2402,2772,3191,3478,3620,3734,3850,4005,4361,4366,4296,4221,3932,3807,3635,3543,3307,3025,2712,2392,2222,2038,1829,1751,1577,1349,1198,1109,999,898,784,689,609,543,490,434,385,327,307,290,284,273,251,219,186,175,157,150,138,121,101,87,80,78,68,59,57,51,35,33,27,24,21,19,18,14,11,11,9,7,7,7,7,7,7,7,7,11,9,8,5,6,6,5,5,5,4,4,4,4,4,
1,2,3,4,3,4,10,13,17,29,40,53,70,87,103,113,139,172,235,293,378,481,625,768,949,1142,1403,1699,2029,2402,2772,3191,3478,3620,3734,3850,4005,4361,4366,4296,4221,3932,3807,3635,3543,3307,3025,2712,2392,2222,2038,1829,1751,1577,1349,1198,1109,999,898,784,689,609,543,490,434,385,327,307,290,284,273,251,219,186,175,157,150,138,121,101,87,80,78,68,59,57,51,35,33,27,24,21,19,18,14,11,11,9,7,7,7,7,7,7,7,7,11,9,8,5,6,6,5,5,5,4,4,4,4,4,
1,2,3,4,3,4,10,13,17,29,40,53,70,87,103,113,139,172,235,293,378,481,625,768,949,1142,1403,1699,2029,2402,2772,3191,3478,3620,3734,3850,4005,4361,4366,4296,4221,3932,3807,3635,3543,3307,3025,2712,2392,2222,2038,1829,1751,1577,1349,1198,1109,999,898,784,689,609,543,490,434,385,327,307,290,284,273,251,219,186,175,157,150,138,121,101,87,80,78,68,59,57,51,35,33,27,24,21,19,18,14,11,11,9,7,7,7,7,7,7,7,7,11,9,8,5,6,6,5,5,5,4,4,4,4,4,
1,2,3,4,3,4,10,13,17,29,40,53,70,87,103,113,139,172,235,293,378,481,625,768,949,1142,1403,1699,2029,2402,2772,3191,3478,3620,3734,3850,4005,4361,4366,4296,4221,3932,3807,3635,3543,3307,3025,2712,2392,2222,2038,1829,1751,1577,1349,1198,1109,999,898,784,689,609,543,490,434,385,327,307,290,284,273,251,219,186,175,157,150,138,121,101,87,80,78,68,59,57,51,35,33,27,24,21,19,18,14,11,11,9,7,7,7,7,7,7,7,7,11,9,8,5,6,6,5,5,5,4,4,4,4,4,
1,2,3,4,3,4,10,13,17,29,40,53,70,87,103,113,139,172,235,293,378,481,625,768,949,1142,1403,1699,2029,2402,2772,3191,3478,3620,3734,3850,4005,4361,4366,4296,4221,3932,3807,3635,3543,3307,3025,2712,2392,2222,2038,1829,1751,1577,1349,1198,1109,999,898,784,689,609,543,490,434,385,327,307,290,284,273,251,219,186,175,157,150,138,121,101,87,80,78,68,59,57,51,35,33,27,24,21,19,18,14,11,11,9,7,7,7,7,7,7,7,7,11,9,8,5,6,6,5,5,5,4,4,4,4,4,
1,2,3,4,3,4,10,13,17,29,40,53,70,87,103,113,139,172,235,293,378,481,625,768,949,1142,1403,1699,2029,2402,2772,3191,3478,3620,3734,3850,4005,4361,4366,4296,4221,3932,3807,3635,3543,3307,3025,2712,2392,2222,2038,1829,1751,1577,1349,1198,1109,999,898,784,689,609,543,490,434,385,327,307,290,284,273,251,219,186,175,157,150,138,121,101,87,80,78,68,59,57,51,35,33,27,24,21,19,18,14,11,11,9,7,7,7,7,7,7,7,7,11,9,8,5,6,6,5,5,5,4,4,4,4,4,
1,2,3,4,3,4,10,13,17,29,40,53,70,87,103,113,139,172,235,293,378,481,625,768,949,1142,1403,1699,2029,2402,2772,3191,3478,3620,3734,3850,4005,4361,4366,4296,4221,3932,3807,3635,3543,3307,3025,2712,2392,2222,2038,1829,1751,1577,1349,1198,1109,999,898,784,689,609,543,490,434,385,327,307,290,284,273,251,219,186,175,157,150,138,121,101,87,80,78,68,59,57,51,35,33,27,24,21,19,18,14,11,11,9,7,7,7,7,7,7,7,7,11,9,8,5,6,6,5,5,5,4,4,4,4,4,
1,2,3,4,3,4,10,13,17,29,40,53,70,87,103,113,139,172,235,293,378,481,625,768,949,1142,1403,1699,2029,2402,2772,3191,3478,3620,3734,3850,4005,4361,4366,4296,4221,3932,3807,3635,3543,3307,3025,2712,2392,2222,2038,1829,1751,1577,1349,1198,1109,999,898,784,689,609,543,490,434,385,327,307,290,284,273,251,219,186,175,157,150,138,121,101,87,80,78,68,59,57,51,35,33,27,24,21,19,18,14,11,11,9,7,7,7,7,7,7,7,7,11,9,8,5,6,6,5,5,5,4,4,4,4,4,
1,2,3,4,3,4,10,13,17,29,40,53,70,87,103,113,139,172,235,293,378,481,625,768,949,1142,1403,1699,2029,2402,2772,3191,3478,3620,3734,3850,4005,4361,4366,4296,4221,3932,3807,3635,3543,3307,3025,2712,2392,2222,2038,1829,1751,1577,1349,1198,1109,999,898,784,689,609,543,490,434,385,327,307,290,284,273,251,219,186,175,157,150,138,121,101,87,80,78,68,59,57,51,35,33,27,24,21,19,18,14,11,11,9,7,7,7,7,7,7,7,7,11,9,8,5,6,6,5,5,5,4,4,4,4,4,
1,2,3,4,3,4,10,13,17,29,40,53,70,87,103,113,139,172,235,293,378,481,625,768,949,1142,1403,1699,2029,2402,2772,3191,3478,3620,3734,3850,4005,4361,4366,4296,4221,3932,3807,3635,3543,3307,3025,2712,2392,2222,2038,1829,1751,1577,1349,1198,1109,999,898,784,689,609,543,490,434,385,327,307,290,284,273,251,219,186,175,157,150,138,121,101,87,80,78,68,59,57,51,35,33,27,24,21,19,18,14,11,11,9,7,7,7,7,7,7,7,7,11,9,8,5,6,6,5,5,5,4,4,4,4,4,
1,2,3,4,3,4,10,13,17,29,40,53,70,87,103,113,139,172,235,293,378,481,625,768,949,1142,1403,1699,2029,2402,2772,3191,3478,3620,3734,3850,4005,4361,4366,4296,4221,3932,3807,3635,3543,3307,3025,2712,2392,2222,2038,1829,1751,1577,1349,1198,1109,999,898,784,689,609,543,490,434,385,327,307,290,284,273,251,219,186,175,157,150,138,121,101,87,80,78,68,59,57,51,35,33,27,24,21,19,18,14,11,11,9,7,7,7,7,7,7,7,7,11,9,8,5,6,6,5,5,5,4,4,4,4,4,
1,1,1,1,4,6,8,12,18,25,35,54,72,96,111,133,166,210,257,310,388,439,543,688,839,978,1147,1352,1669,2137,2629,3211,3635,3848,4069,4255,4231,4318,4223,3944,3825,3829,3415,3312,3188,3211,3256,3015,2794,2570,2282,1937,1643,1398,1296,1214,1107,993,862,793,727,634,554,482,441,399,373,340,308,272,243,241,228,199,167,151,134,119,100,86,85,70,61,53,50,50,48,37,33,27,22,23,17,14,13,12,5,4,4,4,4,4,4,4,4,5,6,8,8,7,5,5,5,7,7,7,5,5,4,4,
1,1,3,4,5,9,14,20,29,37,49,64,81,110,144,183,224,270,311,357,442,569,686,834,1041,1227,1413,1665,2015,2413,2855,3312,4043,4782,5108,5247,5019,4764,4407,4193,3920,3860,3869,3867,3641,3677,3319,2939,2800,2515,2267,2075,1914,1716,1535,1298,1125,997,875,756,702,615,559,529,509,444,418,408,404,414,371,330,288,247,200,186,163,151,137,121,105,87,79,71,53,46,38,35,28,23,18,17,14,9,11,10,7,7,5,6,6,6,5,4,7,7,8,7,7,9,10,10,9,8,7,5,5,2,2,2,
1,1,3,4,5,9,14,20,29,37,49,64,81,110,144,183,224,270,311,357,442,569,686,834,1041,1227,1413,1665,2015,2413,2855,3312,4043,4782,5108,5247,5019,4764,4407,4193,3920,3860,3869,3867,3641,3677,3319,2939,2800,2515,2267,2075,1914,1716,1535,1298,1125,997,875,756,702,615,559,529,509,444,418,408,404,414,371,330,288,247,200,186,163,151,137,121,105,87,79,71,53,46,38,35,28,23,18,17,14,9,11,10,7,7,5,6,6,6,5,4,7,7,8,7,7,9,10,10,9,8,7,5,5,2,2,2,
1,3,7,11,13,16,17,16,20,34,42,49,75,109,135,173,225,289,353,450,581,700,837,989,1218,1453,1844,2229,2683,3222,3399,3722,3882,3937,4072,3958,3759,3903,4040,4309,4246,4130,4085,3946,3837,3562,3016,2594,2285,2180,2121,1945,1728,1585,1419,1210,1076,920,786,735,691,643,550,470,418,394,358,358,347,301,272,250,233,205,194,155,135,130,103,93,91,85,71,72,66,57,53,45,33,29,24,23,19,17,15,12,14,13,8,8,7,7,8,7,7,7,8,11,8,7,7,8,7,3,3,1,0,0,0,0,
1,1,3,6,6,8,16,17,30,36,49,68,91,121,166,192,247,299,367,457,513,617,720,822,958,1153,1318,1538,1818,2093,2332,2616,2993,3323,3966,4419,4947,5153,5459,5428,5387,4985,5231,5107,4927,4583,3794,3243,2732,2535,2455,2294,1970,1686,1508,1443,1361,1285,1287,1081,895,764,643,560,475,397,367,329,344,339,337,313,286,236,222,212,196,167,141,126,113,92,77,67,56,46,40,35,31,33,26,20,19,17,11,9,8,7,7,6,6,5,5,6,8,8,10,7,9,10,9,7,7,7,5,2,2,3,3,6,
1,1,2,2,3,6,10,13,20,31,50,71,89,112,137,168,189,218,253,279,324,376,453,555,666,839,1117,1382,1698,2108,2439,2794,3102,3379,3785,4043,4413,4599,4454,4298,4084,3975,3911,3905,3481,3180,2739,2422,2317,2216,2046,1914,1797,1564,1367,1196,1103,1037,966,896,837,743,634,550,489,447,390,378,349,333,315,278,264,223,206,182,171,151,133,107,89,84,71,64,57,53,51,46,40,34,31,27,23,22,18,10,6,6,5,4,4,4,3,4,5,5,6,8,10,8,7,5,6,4,4,2,1,1,0,0,
1,1,2,4,4,7,8,12,14,23,40,53,72,98,122,158,181,225,305,364,458,592,737,927,1146,1363,1598,1785,1937,2154,2317,2635,3013,3366,3623,3963,4028,4004,3900,3928,4171,4314,4088,3786,3529,3207,2873,2739,2521,2362,2134,1966,1755,1604,1475,1294,1163,1034,910,788,709,627,552,525,474,434,409,400,360,319,276,252,225,192,166,153,135,113,95,78,75,70,71,69,60,53,45,40,35,35,28,23,18,16,14,18,17,14,13,10,7,6,5,5,6,7,7,10,7,7,7,7,7,6,7,7,6,7,11,11,
1,1,4,5,5,5,10,16,26,31,48,67,75,109,130,170,200,243,285,354,428,534,643,787,1028,1297,1661,1805,2034,2234,2492,2774,3092,3303,3577,3879,3989,4181,4126,4211,4266,4150,3839,3520,3348,3106,2997,2847,2738,2464,2114,1815,1525,1361,1323,1279,1249,1121,961,818,698,618,567,525,489,462,409,370,354,312,277,243,234,223,190,167,162,150,125,112,104,85,81,74,59,49,41,37,24,24,24,23,22,18,17,15,16,16,15,10,9,7,7,6,7,9,6,5,4,3,3,3,3,3,4,4,4,4,4,4,
1,1,4,5,5,5,10,16,26,31,48,67,75,109,130,170,200,243,285,354,428,534,643,787,1028,1297,1661,1805,2034,2234,2492,2774,3092,3303,3577,3879,3989,4181,4126,4211,4266,4150,3839,3520,3348,3106,2997,2847,2738,2464,2114,1815,1525,1361,1323,1279,1249,1121,961,818,698,618,567,525,489,462,409,370,354,312,277,243,234,223,190,167,162,150,125,112,104,85,81,74,59,49,41,37,24,24,24,23,22,18,17,15,16,16,15,10,9,7,7,6,7,9,6,5,4,3,3,3,3,3,4,4,4,4,4,4,
1,1,4,5,5,5,10,16,26,31,48,67,75,109,130,170,200,243,285,354,428,534,643,787,1028,1297,1661,1805,2034,2234,2492,2774,3092,3303,3577,3879,3989,4181,4126,4211,4266,4150,3839,3520,3348,3106,2997,2847,2738,2464,2114,1815,1525,1361,1323,1279,1249,1121,961,818,698,618,567,525,489,462,409,370,354,312,277,243,234,223,190,167,162,150,125,112,104,85,81,74,59,49,41,37,24,24,24,23,22,18,17,15,16,16,15,10,9,7,7,6,7,9,6,5,4,3,3,3,3,3,4,4,4,4,4,4,
1,1,4,5,5,5,10,16,26,31,48,67,75,109,130,170,200,243,285,354,428,534,643,787,1028,1297,1661,1805,2034,2234,2492,2774,3092,3303,3577,3879,3989,4181,4126,4211,4266,4150,3839,3520,3348,3106,2997,2847,2738,2464,2114,1815,1525,1361,1323,1279,1249,1121,961,818,698,618,567,525,489,462,409,370,354,312,277,243,234,223,190,167,162,150,125,112,104,85,81,74,59,49,41,37,24,24,24,23,22,18,17,15,16,16,15,10,9,7,7,6,7,9,6,5,4,3,3,3,3,3,4,4,4,4,4,4,
1,2,4,5,8,9,13,21,32,44,55,60,77,100,121,147,153,182,222,256,346,459,576,723,932,1168,1515,1945,2397,2833,3330,3618,3759,3825,3981,4535,4688,5066,5079,4808,4867,5213,5229,4777,4220,3745,3420,3048,2664,2679,2551,2196,1874,1735,1767,1689,1477,1288,1047,849,742,655,572,484,463,440,430,404,346,328,313,309,297,270,229,218,194,167,147,116,94,90,78,64,57,51,43,33,26,18,14,12,12,11,8,6,4,4,5,5,7,7,7,6,7,10,11,8,9,8,8,5,4,4,5,6,7,7,8,6,
1,2,4,5,8,9,13,21,32,44,55,60,77,100,121,147,153,182,222,256,346,459,576,723,932,1168,1515,1945,2397,2833,3330,3618,3759,3825,3981,4535,4688,5066,5079,4808,4867,5213,5229,4777,4220,3745,3420,3048,2664,2679,2551,2196,1874,1735,1767,1689,1477,1288,1047,849,742,655,572,484,463,440,430,404,346,328,313,309,297,270,229,218,194,167,147,116,94,90,78,64,57,51,43,33,26,18,14,12,12,11,8,6,4,4,5,5,7,7,7,6,7,10,11,8,9,8,8,5,4,4,5,6,7,7,8,6,
1,2,3,5,12,21,27,32,45,54,69,86,107,142,176,215,250,314,366,445,494,613,732,860,1068,1278,1539,1846,2198,2659,3092,3727,4158,4402,4595,4957,5293,5594,5740,5678,5877,5455,4742,4637,4546,4456,4354,3839,3499,3294,2798,2640,2389,2127,1848,1573,1473,1359,1236,1074,963,825,682,612,522,456,426,386,369,353,338,314,273,264,227,210,192,179,156,131,109,85,79,69,58,45,36,34,25,21,19,17,14,11,11,9,11,9,6,5,6,5,4,3,3,4,5,7,9,12,7,9,7,6,8,6,3,2,2,2,
1,2,3,5,12,21,27,32,45,54,69,86,107,142,176,215,250,314,366,445,494,613,732,860,1068,1278,1539,1846,2198,2659,3092,3727,4158,4402,4595,4957,5293,5594,5740,5678,5877,5455,4742,4637,4546,4456,4354,3839,3499,3294,2798,2640,2389,2127,1848,1573,1473,1359,1236,1074,963,825,682,612,522,456,426,386,369,353,338,314,273,264,227,210,192,179,156,131,109,85,79,69,58,45,36,34,25,21,19,17,14,11,11,9,11,9,6,5,6,5,4,3,3,4,5,7,9,12,7,9,7,6,8,6,3,2,2,2,
1,2,6,9,11,13,13,20,27,33,44,56,73,105,142,190,235,286,350,382,446,553,706,881,980,1175,1386,1625,1882,2119,2519,3066,3454,3832,4282,4584,4813,5260,5903,6322,6794,6708,5952,5064,4570,4169,3696,3367,3223,3242,3155,2846,2384,2085,1782,1582,1428,1328,1244,1077,948,886,744,661,592,540,508,486,471,468,457,425,405,367,322,266,223,196,171,137,113,91,79,68,65,60,58,50,41,32,27,23,21,20,18,14,13,12,9,10,10,10,10,10,9,12,9,10,8,10,9,8,8,6,6,6,6,6,7,7,
1,2,4,7,9,13,18,28,37,49,67,83,106,137,156,176,212,233,270,316,350,431,499,592,722,941,1131,1377,1617,1979,2476,2955,3384,3843,4354,4826,5080,5172,5394,5393,5126,4903,4418,4078,4100,4111,3927,3671,3284,2862,2589,2377,2070,1904,1861,1737,1520,1408,1171,1007,908,773,671,571,512,475,453,411,370,367,352,352,343,317,298,261,230,192,161,132,114,101,85,75,64,63,52,49,40,32,30,24,24,23,19,19,17,16,12,10,8,10,8,7,7,9,10,11,8,7,9,9,9,8,7,6,6,5,2,2,
1,3,4,6,9,16,18,23,33,42,55,66,84,91,111,124,157,182,222,278,360,469,547,677,794,1033,1287,1557,1851,2180,2562,2967,3486,3827,4171,4563,5259,5559,6122,6406,6599,6352,6050,5817,5229,4652,4159,3610,3253,3205,2956,2561,2387,2254,1926,1735,1522,1358,1169,1028,901,765,649,581,556,587,577,555,502,448,406,379,356,314,273,228,198,182,164,138,126,110,89,78,60,49,41,34,36,28,26,24,23,21,16,13,9,7,6,8,8,6,6,6,8,9,12,14,11,11,10,10,11,10,10,9,11,5,5,4,
1,3,4,6,9,16,18,23,33,42,55,66,84,91,111,124,157,182,222,278,360,469,547,677,794,1033,1287,1557,1851,2180,2562,2967,3486,3827,4171,4563,5259,5559,6122,6406,6599,6352,6050,5817,5229,4652,4159,3610,3253,3205,2956,2561,2387,2254,1926,1735,1522,1358,1169,1028,901,765,649,581,556,587,577,555,502,448,406,379,356,314,273,228,198,182,164,138,126,110,89,78,60,49,41,34,36,28,26,24,23,21,16,13,9,7,6,8,8,6,6,6,8,9,12,14,11,11,10,10,11,10,10,9,11,5,5,4,
1,3,4,6,9,16,18,23,33,42,55,66,84,91,111,124,157,182,222,278,360,469,547,677,794,1033,1287,1557,1851,2180,2562,2967,3486,3827,4171,4563,5259,5559,6122,6406,6599,6352,6050,5817,5229,4652,4159,3610,3253,3205,2956,2561,2387,2254,1926,1735,1522,1358,1169,1028,901,765,649,581,556,587,577,555,502,448,406,379,356,314,273,228,198,182,164,138,126,110,89,78,60,49,41,34,36,28,26,24,23,21,16,13,9,7,6,8,8,6,6,6,8,9,12,14,11,11,10,10,11,10,10,9,11,5,5,4,
1,3,4,6,9,16,18,23,33,42,55,66,84,91,111,124,157,182,222,278,360,469,547,677,794,1033,1287,1557,1851,2180,2562,2967,3486,3827,4171,4563,5259,5559,6122,6406,6599,6352,6050,5817,5229,4652,4159,3610,3253,3205,2956,2561,2387,2254,1926,1735,1522,1358,1169,1028,901,765,649,581,556,587,577,555,502,448,406,379,356,314,273,228,198,182,164,138,126,110,89,78,60,49,41,34,36,28,26,24,23,21,16,13,9,7,6,8,8,6,6,6,8,9,12,14,11,11,10,10,11,10,10,9,11,5,5,4,
1,3,4,6,9,16,18,23,33,42,55,66,84,91,111,124,157,182,222,278,360,469,547,677,794,1033,1287,1557,1851,2180,2562,2967,3486,3827,4171,4563,5259,5559,6122,6406,6599,6352,6050,5817,5229,4652,4159,3610,3253,3205,2956,2561,2387,2254,1926,1735,1522,1358,1169,1028,901,765,649,581,556,587,577,555,502,448,406,379,356,314,273,228,198,182,164,138,126,110,89,78,60,49,41,34,36,28,26,24,23,21,16,13,9,7,6,8,8,6,6,6,8,9,12,14,11,11,10,10,11,10,10,9,11,5,5,4,
1,2,3,4,8,16,19,24,29,32,42,57,71,91,104,126,154,195,253,338,418,518,633,759,945,1157,1386,1668,1981,2325,2760,3352,3974,4409,4617,4825,5107,5567,5609,5954,6050,6044,5770,5009,4572,4349,4068,3895,3478,3221,2831,2721,2485,2115,1910,1662,1409,1231,1033,1002,910,819,700,592,517,500,461,437,420,405,348,313,278,261,226,196,170,147,137,140,130,116,96,84,71,59,52,42,38,31,30,23,17,16,15,10,12,10,10,9,7,7,6,8,8,9,10,10,12,11,11,10,11,9,8,9,7,7,7,8,
1,2,2,4,5,8,10,17,24,36,44,61,78,99,103,94,104,120,155,213,285,356,447,532,741,872,1005,1197,1461,1830,2247,2825,3502,4301,5158,5911,6389,6362,5699,5426,5520,5865,5939,5872,5180,4714,4255,3913,3502,3051,2858,2727,2545,2351,2119,1775,1526,1318,1134,1074,1003,912,772,649,605,586,586,557,502,432,370,335,290,256,226,217,199,185,154,129,113,111,102,88,76,65,63,60,58,55,51,45,37,31,22,15,16,16,12,11,11,9,10,10,11,13,14,11,9,9,11,8,7,7,9,9,7,7,7,7,
1,2,2,4,5,8,10,17,24,36,44,61,78,99,103,94,104,120,155,213,285,356,447,532,741,872,1005,1197,1461,1830,2247,2825,3502,4301,5158,5911,6389,6362,5699,5426,5520,5865,5939,5872,5180,4714,4255,3913,3502,3051,2858,2727,2545,2351,2119,1775,1526,1318,1134,1074,1003,912,772,649,605,586,586,557,502,432,370,335,290,256,226,217,199,185,154,129,113,111,102,88,76,65,63,60,58,55,51,45,37,31,22,15,16,16,12,11,11,9,10,10,11,13,14,11,9,9,11,8,7,7,9,9,7,7,7,7,
1,2,2,4,5,8,10,17,24,36,44,61,78,99,103,94,104,120,155,213,285,356,447,532,741,872,1005,1197,1461,1830,2247,2825,3502,4301,5158,5911,6389,6362,5699,5426,5520,5865,5939,5872,5180,4714,4255,3913,3502,3051,2858,2727,2545,2351,2119,1775,1526,1318,1134,1074,1003,912,772,649,605,586,586,557,502,432,370,335,290,256,226,217,199,185,154,129,113,111,102,88,76,65,63,60,58,55,51,45,37,31,22,15,16,16,12,11,11,9,10,10,11,13,14,11,9,9,11,8,7,7,9,9,7,7,7,7,
1,1,4,8,7,7,12,13,16,25,40,52,70,96,137,175,218,255,299,353,423,505,589,747,936,1121,1376,1732,2172,2491,2776,3184,3551,4059,4808,5428,5788,5806,5895,6002,5816,5507,5385,5366,5046,4783,4362,3598,3047,2746,2612,2503,2235,1883,1619,1472,1400,1329,1160,1002,866,742,642,520,506,483,441,411,360,343,301,285,275,279,266,245,201,175,152,137,126,109,89,81,67,60,57,43,37,35,26,21,20,21,20,15,11,6,6,7,4,3,8,10,11,11,11,9,5,4,4,3,2,2,2,2,2,2,2,3,
1,3,4,5,6,7,9,16,23,34,45,55,77,92,113,152,206,262,318,364,392,510,628,827,962,1131,1266,1496,1770,2190,2652,3104,3692,4082,4586,5140,5224,5581,5646,5477,5268,4618,4257,4277,4331,4277,4097,3838,3252,2839,2580,2374,2171,2169,2106,1958,1792,1468,1195,1003,850,807,740,649,562,493,435,412,360,298,294,279,275,253,244,209,193,160,155,140,127,123,104,88,76,64,55,49,37,38,28,24,25,22,17,10,9,8,6,8,9,7,7,7,6,6,5,6,8,11,11,10,7,4,5,5,8,7,5,4,
1,3,4,5,6,7,9,16,23,34,45,55,77,92,113,152,206,262,318,364,392,510,628,827,962,1131,1266,1496,1770,2190,2652,3104,3692,4082,4586,5140,5224,5581,5646,5477,5268,4618,4257,4277,4331,4277,4097,3838,3252,2839,2580,2374,2171,2169,2106,1958,1792,1468,1195,1003,850,807,740,649,562,493,435,412,360,298,294,279,275,253,244,209,193,160,155,140,127,123,104,88,76,64,55,49,37,38,28,24,25,22,17,10,9,8,6,8,9,7,7,7,6,6,5,6,8,11,11,10,7,4,5,5,8,7,5,4,
1,3,3,5,7,10,10,9,18,25,36,42,66,92,151,191,253,341,418,509,609,759,823,943,1061,1243,1553,1884,2191,2563,2838,3211,3636,3914,4087,4254,4603,4742,5164,5419,5244,5311,4945,4669,4079,3628,3504,3346,3078,2827,2661,2306,2017,1850,1575,1446,1187,1079,1041,1003,910,783,689,591,566,484,426,382,363,378,363,344,297,250,207,175,155,150,133,117,123,104,86,73,64,58,53,46,32,28,18,16,14,13,10,10,8,7,6,6,5,5,5,8,8,8,9,10,11,11,9,5,5,2,3,5,3,4,4,2,
1,2,3,6,9,14,17,27,33,41,57,66,74,83,103,133,170,219,288,378,470,589,696,772,801,926,1072,1339,1647,1943,2283,2725,3254,3840,4602,5120,5544,5692,5872,5493,5544,5551,5328,4714,4293,4084,3799,3602,3588,3400,3091,2661,2250,1900,1687,1479,1395,1282,1118,990,857,769,689,603,584,549,494,470,466,422,387,359,329,299,261,223,187,159,150,136,122,105,97,85,86,79,62,50,43,40,32,29,22,19,19,17,16,15,12,10,8,8,7,7,8,10,11,14,10,8,8,6,4,4,4,4,4,5,5,4,
1,2,3,5,8,12,18,18,23,35,44,58,78,83,91,92,107,121,133,161,200,271,353,467,638,817,1072,1303,1560,1779,2162,2570,3027,3702,4357,5133,5690,6396,6886,6902,6491,6298,6035,5947,5596,5167,4871,4378,3958,3757,3318,3230,3078,2826,2524,2169,1883,1596,1382,1170,1022,877,747,630,579,543,536,548,519,469,441,418,355,311,274,261,240,203,171,156,145,119,104,93,77,66,55,44,40,35,31,24,19,17,12,13,12,11,11,8,8,7,9,12,12,10,9,10,14,11,9,7,7,6,7,6,3,4,5,4,
1,2,5,6,8,10,15,21,28,39,45,51,75,96,117,150,188,222,274,333,442,553,683,769,926,1162,1452,1767,2045,2324,2630,2712,2944,3276,3701,4041,4946,5573,6219,6172,6299,6403,6104,5451,4871,4416,3804,3379,3079,2918,2757,2680,2677,2342,2046,1807,1550,1350,1158,1011,877,806,718,623,577,546,539,495,472,411,373,349,317,288,250,230,226,210,191,165,138,126,107,96,78,59,52,43,44,39,31,24,27,24,21,18,16,14,11,9,7,4,4,4,4,6,8,7,9,11,12,9,7,8,10,9,12,11,9,9,
1,1,2,3,6,9,14,18,23,31,42,56,68,98,111,141,179,222,280,350,488,615,722,927,1091,1257,1419,1695,1944,2342,2723,3143,3554,4164,5122,5677,5996,6067,6136,6497,6422,6223,5887,5651,5169,4392,4003,3843,3795,3537,3110,2642,2378,2009,1886,1672,1519,1365,1213,1064,939,838,725,658,640,607,559,491,425,411,367,338,334,325,330,311,252,227,200,164,135,117,110,102,90,74,65,57,47,48,36,33,26,23,23,22,17,11,11,9,9,11,9,9,11,10,12,11,10,7,6,5,5,4,4,3,3,4,5,5,
1,1,2,3,6,9,14,18,23,31,42,56,68,98,111,141,179,222,280,350,488,615,722,927,1091,1257,1419,1695,1944,2342,2723,3143,3554,4164,5122,5677,5996,6067,6136,6497,6422,6223,5887,5651,5169,4392,4003,3843,3795,3537,3110,2642,2378,2009,1886,1672,1519,1365,1213,1064,939,838,725,658,640,607,559,491,425,411,367,338,334,325,330,311,252,227,200,164,135,117,110,102,90,74,65,57,47,48,36,33,26,23,23,22,17,11,11,9,9,11,9,9,11,10,12,11,10,7,6,5,5,4,4,3,3,4,5,5,
1,1,2,3,6,9,14,18,23,31,42,56,68,98,111,141,179,222,280,350,488,615,722,927,1091,1257,1419,1695,1944,2342,2723,3143,3554,4164,5122,5677,5996,6067,6136,6497,6422,6223,5887,5651,5169,4392,4003,3843,3795,3537,3110,2642,2378,2009,1886,1672,1519,1365,1213,1064,939,838,725,658,640,607,559,491,425,411,367,338,334,325,330,311,252,227,200,164,135,117,110,102,90,74,65,57,47,48,36,33,26,23,23,22,17,11,11,9,9,11,9,9,11,10,12,11,10,7,6,5,5,4,4,3,3,4,5,5,
1,3,3,5,8,8,16,22,29,39,47,68,92,122,149,182,237,301,342,429,516,603,735,851,999,1239,1482,1733,1935,2152,2399,2794,3262,3710,4105,4294,4600,5092,5464,5689,5856,5861,5680,5079,4473,3959,3647,3242,2968,2762,2640,2467,2331,2086,1823,1564,1397,1242,1107,973,909,844,771,704,628,575,504,437,386,344,333,308,289,254,236,206,176,150,138,115,104,94,87,85,67,61,54,43,39,30,28,25,21,16,16,15,18,17,14,12,9,8,9,13,16,13,11,3,3,3,4,4,5,4,4,2,2,2,1,2,
1,1,2,2,4,5,8,14,20,29,41,59,76,88,122,159,211,275,347,373,417,441,500,621,798,972,1123,1279,1542,1954,2376,2762,3377,3844,4222,4518,4592,4740,5204,5337,5087,5063,4758,4440,3917,3607,3365,3152,2985,2795,2566,2354,2115,1962,1730,1555,1437,1257,1090,958,836,748,725,644,559,497,432,417,396,358,322,290,260,229,206,200,186,174,163,141,113,94,79,66,60,60,56,53,39,36,30,25,21,17,20,18,17,12,13,13,9,8,5,5,6,8,10,8,8,7,8,6,7,5,5,6,6,8,8,4,
1,2,2,3,5,7,13,19,25,29,34,49,68,84,110,138,182,217,256,324,406,494,585,775,989,1174,1364,1559,1809,2054,2186,2329,2509,2773,3096,3441,3815,4072,4297,4522,4557,4515,4459,4282,3919,3386,3065,2848,2620,2285,2091,1938,1725,1656,1499,1361,1152,998,877,856,768,697,637,560,506,428,378,343,317,289,279,261,244,215,196,167,149,129,115,97,89,75,67,53,47,42,34,32,23,22,19,16,16,12,11,7,3,3,3,3,2,2,2,2,4,5,5,6,7,10,8,9,7,3,3,3,4,2,2,0,
1,1,1,3,3,8,12,15,20,22,31,49,60,91,112,145,175,224,296,385,501,657,861,1062,1222,1387,1555,1768,2023,2358,2719,3065,3473,3978,4424,4689,4861,4780,4483,4150,3780,3804,3879,3914,3838,3821,3647,3419,3141,2725,2466,2164,1810,1510,1302,1181,1197,1109,1113,1010,891,850,729,606,533,422,372,342,287,247,226,230,223,220,222,223,212,188,159,134,122,109,91,76,61,46,36,30,25,26,24,20,19,19,16,13,11,8,8,7,5,4,4,5,4,5,9,8,10,9,8,6,8,2,2,0,0,0,0,0,
1,3,7,9,12,15,20,22,26,31,43,51,71,99,117,145,189,219,283,347,449,550,666,822,937,1104,1254,1436,1664,1989,2330,2710,3027,3403,3768,3876,4084,4313,4318,4313,4213,4285,4190,4000,3604,3151,2703,2371,2261,2086,1952,1891,1725,1462,1268,1110,996,928,893,796,703,613,536,464,398,368,319,308,276,264,253,237,223,205,183,180,163,145,119,103,89,81,76,60,55,43,39,32,30,25,22,19,15,12,10,9,7,7,6,6,7,7,6,5,5,6,9,8,5,5,5,4,2,0,0,0,0,0,0,0,
1,3,7,9,12,15,20,22,26,31,43,51,71,99,117,145,189,219,283,347,449,550,666,822,937,1104,1254,1436,1664,1989,2330,2710,3027,3403,3768,3876,4084,4313,4318,4313,4213,4285,4190,4000,3604,3151,2703,2371,2261,2086,1952,1891,1725,1462,1268,1110,996,928,893,796,703,613,536,464,398,368,319,308,276,264,253,237,223,205,183,180,163,145,119,103,89,81,76,60,55,43,39,32,30,25,22,19,15,12,10,9,7,7,6,6,7,7,6,5,5,6,9,8,5,5,5,4,2,0,0,0,0,0,0,0,
1,3,7,9,12,15,20,22,26,31,43,51,71,99,117,145,189,219,283,347,449,550,666,822,937,1104,1254,1436,1664,1989,2330,2710,3027,3403,3768,3876,4084,4313,4318,4313,4213,4285,4190,4000,3604,3151,2703,2371,2261,2086,1952,1891,1725,1462,1268,1110,996,928,893,796,703,613,536,464,398,368,319,308,276,264,253,237,223,205,183,180,163,145,119,103,89,81,76,60,55,43,39,32,30,25,22,19,15,12,10,9,7,7,6,6,7,7,6,5,5,6,9,8,5,5,5,4,2,0,0,0,0,0,0,0,
1,1,1,1,2,5,11,17,25,33,54,76,92,116,147,178,235,303,393,491,582,699,828,1020,1267,1527,1900,2431,2901,3334,3803,4119,4476,4605,4926,5316,5287,5177,5083,5158,4956,4549,4475,4341,4230,4093,3801,3486,3093,2695,2413,2197,2078,1910,1699,1467,1295,1185,1067,952,860,732,666,563,490,434,421,383,363,322,289,256,265,234,196,167,161,156,135,116,105,95,94,82,71,66,56,51,40,33,28,24,22,22,23,20,17,15,14,9,9,10,10,9,10,8,9,10,5,5,6,8,3,3,2,3,3,2,3,4,
1,1,1,1,2,5,11,17,25,33,54,76,92,116,147,178,235,303,393,491,582,699,828,1020,1267,1527,1900,2431,2901,3334,3803,4119,4476,4605,4926,5316,5287,5177,5083,5158,4956,4549,4475,4341,4230,4093,3801,3486,3093,2695,2413,2197,2078,1910,1699,1467,1295,1185,1067,952,860,732,666,563,490,434,421,383,363,322,289,256,265,234,196,167,161,156,135,116,105,95,94,82,71,66,56,51,40,33,28,24,22,22,23,20,17,15,14,9,9,10,10,9,10,8,9,10,5,5,6,8,3,3,2,3,3,2,3,4,
1,1,1,1,2,5,11,17,25,33,54,76,92,116,147,178,235,303,393,491,582,699,828,1020,1267,1527,1900,2431,2901,3334,3803,4119,4476,4605,4926,5316,5287,5177,5083,5158,4956,4549,4475,4341,4230,4093,3801,3486,3093,2695,2413,2197,2078,1910,1699,1467,1295,1185,1067,952,860,732,666,563,490,434,421,383,363,322,289,256,265,234,196,167,161,156,135,116,105,95,94,82,71,66,56,51,40,33,28,24,22,22,23,20,17,15,14,9,9,10,10,9,10,8,9,10,5,5,6,8,3,3,2,3,3,2,3,4,
1,1,1,1,2,5,11,17,25,33,54,76,92,116,147,178,235,303,393,491,582,699,828,1020,1267,1527,1900,2431,2901,3334,3803,4119,4476,4605,4926,5316,5287,5177,5083,5158,4956,4549,4475,4341,4230,4093,3801,3486,3093,2695,2413,2197,2078,1910,1699,1467,1295,1185,1067,952,860,732,666,563,490,434,421,383,363,322,289,256,265,234,196,167,161,156,135,116,105,95,94,82,71,66,56,51,40,33,28,24,22,22,23,20,17,15,14,9,9,10,10,9,10,8,9,10,5,5,6,8,3,3,2,3,3,2,3,4,
1,1,1,1,2,5,11,17,25,33,54,76,92,116,147,178,235,303,393,491,582,699,828,1020,1267,1527,1900,2431,2901,3334,3803,4119,4476,4605,4926,5316,5287,5177,5083,5158,4956,4549,4475,4341,4230,4093,3801,3486,3093,2695,2413,2197,2078,1910,1699,1467,1295,1185,1067,952,860,732,666,563,490,434,421,383,363,322,289,256,265,234,196,167,161,156,135,116,105,95,94,82,71,66,56,51,40,33,28,24,22,22,23,20,17,15,14,9,9,10,10,9,10,8,9,10,5,5,6,8,3,3,2,3,3,2,3,4,
1,1,1,1,2,5,11,17,25,33,54,76,92,116,147,178,235,303,393,491,582,699,828,1020,1267,1527,1900,2431,2901,3334,3803,4119,4476,4605,4926,5316,5287,5177,5083,5158,4956,4549,4475,4341,4230,4093,3801,3486,3093,2695,2413,2197,2078,1910,1699,1467,1295,1185,1067,952,860,732,666,563,490,434,421,383,363,322,289,256,265,234,196,167,161,156,135,116,105,95,94,82,71,66,56,51,40,33,28,24,22,22,23,20,17,15,14,9,9,10,10,9,10,8,9,10,5,5,6,8,3,3,2,3,3,2,3,4,
1,1,2,1,3,9,10,17,26,36,51,73,88,105,144,190,227,287,358,402,481,601,774,933,1148,1438,1712,1991,2402,2676,3019,3448,3815,3892,4008,4198,4348,4420,4598,4674,4734,4648,4410,3956,3654,3416,3210,3031,2862,2633,2440,2150,1844,1664,1456,1285,1175,1004,873,821,731,672,620,537,462,404,377,372,351,318,307,316,287,259,234,222,193,164,144,129,120,89,71,65,55,41,39,37,32,32,29,24,23,19,19,17,16,12,10,8,8,8,7,6,4,4,4,6,6,7,9,10,8,7,8,7,6,5,6,6,
1,1,2,1,3,9,10,17,26,36,51,73,88,105,144,190,227,287,358,402,481,601,774,933,1148,1438,1712,1991,2402,2676,3019,3448,3815,3892,4008,4198,4348,4420,4598,4674,4734,4648,4410,3956,3654,3416,3210,3031,2862,2633,2440,2150,1844,1664,1456,1285,1175,1004,873,821,731,672,620,537,462,404,377,372,351,318,307,316,287,259,234,222,193,164,144,129,120,89,71,65,55,41,39,37,32,32,29,24,23,19,19,17,16,12,10,8,8,8,7,6,4,4,4,6,6,7,9,10,8,7,8,7,6,5,6,6,
1,4,6,9,10,12,13,17,24,32,48,60,79,102,130,163,201,252,302,343,416,512,627,774,942,1205,1422,1746,2100,2595,3158,3430,3704,4021,4323,4434,4506,4216,4120,3974,3984,3907,3808,3686,3406,3259,3191,3048,2635,2434,2189,1923,1671,1542,1435,1314,1200,1051,937,838,731,635,556,502,478,455,395,338,282,257,216,211,193,185,172,166,149,125,104,89,84,70,61,49,41,36,29,26,22,18,17,12,10,8,4,4,4,5,7,5,5,5,5,6,8,7,6,6,9,9,3,3,3,3,4,5,5,7,6,8,
1,1,2,3,4,5,15,17,25,39,46,60,75,99,122,153,186,223,273,336,415,475,596,727,906,1150,1406,1724,1977,2301,2567,2848,3091,3312,3482,3748,3985,4234,4358,4409,4371,4185,4160,3980,3639,3260,2933,2683,2371,2065,1944,1806,1708,1544,1367,1217,1121,1033,913,791,693,600,517,461,408,357,328,311,291,284,273,239,222,196,181,165,150,138,119,101,90,81,69,57,47,42,37,29,30,24,20,19,15,15,12,9,10,9,6,8,8,4,5,4,6,5,6,9,7,7,6,6,6,6,7,6,6,7,7,5,
1,1,2,3,4,5,15,17,25,39,46,60,75,99,122,153,186,223,273,336,415,475,596,727,906,1150,1406,1724,1977,2301,2567,2848,3091,3312,3482,3748,3985,4234,4358,4409,4371,4185,4160,3980,3639,3260,2933,2683,2371,2065,1944,1806,1708,1544,1367,1217,1121,1033,913,791,693,600,517,461,408,357,328,311,291,284,273,239,222,196,181,165,150,138,119,101,90,81,69,57,47,42,37,29,30,24,20,19,15,15,12,9,10,9,6,8,8,4,5,4,6,5,6,9,7,7,6,6,6,6,7,6,6,7,7,5,
1,1,2,3,4,5,15,17,25,39,46,60,75,99,122,153,186,223,273,336,415,475,596,727,906,1150,1406,1724,1977,2301,2567,2848,3091,3312,3482,3748,3985,4234,4358,4409,4371,4185,4160,3980,3639,3260,2933,2683,2371,2065,1944,1806,1708,1544,1367,1217,1121,1033,913,791,693,600,517,461,408,357,328,311,291,284,273,239,222,196,181,165,150,138,119,101,90,81,69,57,47,42,37,29,30,24,20,19,15,15,12,9,10,9,6,8,8,4,5,4,6,5,6,9,7,7,6,6,6,6,7,6,6,7,7,5,
1,3,4,10,11,15,26,28,43,44,54,74,91,115,144,182,248,322,405,497,592,704,833,932,1083,1289,1570,1841,2168,2519,2913,3242,3466,3867,4072,4259,4544,5055,5421,5611,5322,4813,4587,4345,4260,3951,3643,3212,2843,2533,2469,2373,2177,1971,1731,1550,1372,1183,1046,958,874,772,696,648,566,510,462,405,373,319,298,287,271,250,232,199,172,155,142,122,99,91,84,76,68,62,53,40,36,30,26,28,27,30,21,16,14,11,9,8,8,6,6,5,5,4,6,8,10,10,11,7,6,7,6,6,6,6,4,4,
1,2,5,6,8,10,13,19,22,33,44,54,79,104,131,173,222,272,331,417,531,647,780,914,1052,1248,1461,1685,1935,2295,2725,3193,3649,4077,4420,4849,4934,4858,4912,4729,4707,4636,4414,4245,3960,3661,3473,3159,2819,2581,2307,2063,1836,1684,1560,1430,1316,1161,1034,965,896,777,662,575,496,436,393,357,331,322,308,284,273,268,236,205,176,164,134,118,106,85,75,72,66,61,49,46,39,29,29,28,27,25,20,16,15,9,9,9,9,8,8,8,6,7,10,5,5,6,7,6,6,6,8,8,8,5,5,5,
1,3,5,9,11,18,24,27,29,35,43,51,59,80,88,103,128,147,173,226,291,380,482,616,742,895,1097,1367,1578,1873,2303,2743,3050,3423,3859,4225,4469,4807,5319,5478,5546,5442,5084,4486,4193,3834,3567,3216,2860,2531,2198,2111,1991,1836,1707,1553,1336,1160,1033,934,833,722,631,570,496,447,417,368,329,316,293,267,245,231,217,211,184,163,140,124,108,88,74,67,67,57,51,45,39,34,29,23,20,16,12,11,12,12,8,8,7,6,8,8,9,9,10,10,10,12,9,8,8,8,8,8,8,6,5,5,
1,2,3,3,5,6,10,13,18,23,33,40,57,74,87,97,123,158,195,246,317,419,531,623,728,863,1028,1268,1542,1852,2320,2725,3191,3705,4152,4591,4718,4969,5045,5212,5235,5024,4722,4460,4048,3784,3366,3010,2631,2512,2400,2237,2116,1900,1700,1627,1505,1358,1187,1034,947,836,720,612,519,476,443,419,400,396,383,372,352,324,300,255,224,191,162,159,133,105,89,79,66,50,47,43,34,29,24,18,16,13,12,11,7,6,6,5,5,8,8,7,8,9,8,9,11,7,6,6,5,3,2,2,2,2,2,1,
1,2,3,3,5,6,10,13,18,23,33,40,57,74,87,97,123,158,195,246,317,419,531,623,728,863,1028,1268,1542,1852,2320,2725,3191,3705,4152,4591,4718,4969,5045,5212,5235,5024,4722,4460,4048,3784,3366,3010,2631,2512,2400,2237,2116,1900,1700,1627,1505,1358,1187,1034,947,836,720,612,519,476,443,419,400,396,383,372,352,324,300,255,224,191,162,159,133,105,89,79,66,50,47,43,34,29,24,18,16,13,12,11,7,6,6,5,5,8,8,7,8,9,8,9,11,7,6,6,5,3,2,2,2,2,2,1,
1,3,5,8,10,14,17,26,37,46,58,74,92,111,131,150,172,201,239,296,349,428,495,624,824,1085,1376,1727,2167,2597,2952,3302,3514,3923,4367,4681,5238,5547,5802,5839,5701,5517,5358,5305,4919,4447,4095,3618,3286,2908,2813,2658,2526,2281,1915,1723,1454,1311,1196,1054,931,824,707,613,519,464,449,437,428,360,343,330,319,294,272,237,206,183,169,143,115,94,90,79,64,53,51,44,44,38,31,29,25,19,15,16,11,10,9,6,2,3,6,8,10,11,9,8,6,7,7,3,4,4,3,4,3,2,1,1,
1,3,5,8,10,14,17,26,37,46,58,74,92,111,131,150,172,201,239,296,349,428,495,624,824,1085,1376,1727,2167,2597,2952,3302,3514,3923,4367,4681,5238,5547,5802,5839,5701,5517,5358,5305,4919,4447,4095,3618,3286,2908,2813,2658,2526,2281,1915,1723,1454,1311,1196,1054,931,824,707,613,519,464,449,437,428,360,343,330,319,294,272,237,206,183,169,143,115,94,90,79,64,53,51,44,44,38,31,29,25,19,15,16,11,10,9,6,2,3,6,8,10,11,9,8,6,7,7,3,4,4,3,4,3,2,1,1,
1,2,3,5,5,6,10,16,24,28,38,54,66,78,97,128,168,218,262,357,440,545,659,733,877,1017,1236,1432,1696,1994,2211,2547,2977,3404,3816,4397,5094,5485,5927,6246,6243,6192,5855,5641,5055,4757,4366,4068,3746,3354,3193,2945,2586,2300,2164,2028,1808,1632,1447,1243,1038,872,738,688,673,620,506,471,469,452,421,398,350,309,268,259,252,234,196,175,142,110,97,89,81,63,55,52,41,36,32,27,24,22,20,20,19,17,13,10,8,7,7,9,9,10,10,8,9,12,11,5,4,4,1,1,1,3,3,2,
1,2,3,5,6,8,13,20,32,39,51,72,76,88,106,123,153,199,251,299,362,458,569,680,854,1054,1200,1365,1506,1761,1979,2292,2655,3077,3568,4243,4881,5494,6145,5970,5665,5473,5046,4865,4548,4284,4093,3713,3245,2851,2702,2540,2332,2136,1967,1786,1537,1406,1203,1012,880,778,682,622,580,533,496,479,481,447,440,403,365,311,288,233,197,163,145,136,125,116,101,88,74,68,60,48,40,37,30,23,22,15,12,11,10,9,10,9,10,9,7,8,7,7,7,9,8,10,10,11,12,10,10,9,8,6,6,6,
1,2,3,5,6,8,13,20,32,39,51,72,76,88,106,123,153,199,251,299,362,458,569,680,854,1054,1200,1365,1506,1761,1979,2292,2655,3077,3568,4243,4881,5494,6145,5970,5665,5473,5046,4865,4548,4284,4093,3713,3245,2851,2702,2540,2332,2136,1967,1786,1537,1406,1203,1012,880,778,682,622,580,533,496,479,481,447,440,403,365,311,288,233,197,163,145,136,125,116,101,88,74,68,60,48,40,37,30,23,22,15,12,11,10,9,10,9,10,9,7,8,7,7,7,9,8,10,10,11,12,10,10,9,8,6,6,6,
1,2,3,5,6,8,13,20,32,39,51,72,76,88,106,123,153,199,251,299,362,458,569,680,854,1054,1200,1365,1506,1761,1979,2292,2655,3077,3568,4243,4881,5494,6145,5970,5665,5473,5046,4865,4548,4284,4093,3713,3245,2851,2702,2540,2332,2136,1967,1786,1537,1406,1203,1012,880,778,682,622,580,533,496,479,481,447,440,403,365,311,288,233,197,163,145,136,125,116,101,88,74,68,60,48,40,37,30,23,22,15,12,11,10,9,10,9,10,9,7,8,7,7,7,9,8,10,10,11,12,10,10,9,8,6,6,6,
1,2,3,5,6,8,13,20,32,39,51,72,76,88,106,123,153,199,251,299,362,458,569,680,854,1054,1200,1365,1506,1761,1979,2292,2655,3077,3568,4243,4881,5494,6145,5970,5665,5473,5046,4865,4548,4284,4093,3713,3245,2851,2702,2540,2332,2136,1967,1786,1537,1406,1203,1012,880,778,682,622,580,533,496,479,481,447,440,403,365,311,288,233,197,163,145,136,125,116,101,88,74,68,60,48,40,37,30,23,22,15,12,11,10,9,10,9,10,9,7,8,7,7,7,9,8,10,10,11,12,10,10,9,8,6,6,6,
1,2,3,5,6,8,13,20,32,39,51,72,76,88,106,123,153,199,251,299,362,458,569,680,854,1054,1200,1365,1506,1761,1979,2292,2655,3077,3568,4243,4881,5494,6145,5970,5665,5473,5046,4865,4548,4284,4093,3713,3245,2851,2702,2540,2332,2136,1967,1786,1537,1406,1203,1012,880,778,682,622,580,533,496,479,481,447,440,403,365,311,288,233,197,163,145,136,125,116,101,88,74,68,60,48,40,37,30,23,22,15,12,11,10,9,10,9,10,9,7,8,7,7,7,9,8,10,10,11,12,10,10,9,8,6,6,6,
1,2,3,5,6,8,13,20,32,39,51,72,76,88,106,123,153,199,251,299,362,458,569,680,854,1054,1200,1365,1506,1761,1979,2292,2655,3077,3568,4243,4881,5494,6145,5970,5665,5473,5046,4865,4548,4284,4093,3713,3245,2851,2702,2540,2332,2136,1967,1786,1537,1406,1203,1012,880,778,682,622,580,533,496,479,481,447,440,403,365,311,288,233,197,163,145,136,125,116,101,88,74,68,60,48,40,37,30,23,22,15,12,11,10,9,10,9,10,9,7,8,7,7,7,9,8,10,10,11,12,10,10,9,8,6,6,6,
1,2,3,5,6,8,13,20,32,39,51,72,76,88,106,123,153,199,251,299,362,458,569,680,854,1054,1200,1365,1506,1761,1979,2292,2655,3077,3568,4243,4881,5494,6145,5970,5665,5473,5046,4865,4548,4284,4093,3713,3245,2851,2702,2540,2332,2136,1967,1786,1537,1406,1203,1012,880,778,682,622,580,533,496,479,481,447,440,403,365,311,288,233,197,163,145,136,125,116,101,88,74,68,60,48,40,37,30,23,22,15,12,11,10,9,10,9,10,9,7,8,7,7,7,9,8,10,10,11,12,10,10,9,8,6,6,6,
1,2,3,5,6,8,13,20,32,39,51,72,76,88,106,123,153,199,251,299,362,458,569,680,854,1054,1200,1365,1506,1761,1979,2292,2655,3077,3568,4243,4881,5494,6145,5970,5665,5473,5046,4865,4548,4284,4093,3713,3245,2851,2702,2540,2332,2136,1967,1786,1537,1406,1203,1012,880,778,682,622,580,533,496,479,481,447,440,403,365,311,288,233,197,163,145,136,125,116,101,88,74,68,60,48,40,37,30,23,22,15,12,11,10,9,10,9,10,9,7,8,7,7,7,9,8,10,10,11,12,10,10,9,8,6,6,6,
1,1,3,5,9,14,18,24,32,43,69,90,119,142,152,180,185,205,258,311,377,485,613,783,1046,1279,1522,1854,2265,2712,3183,3589,4177,4526,4650,4948,5367,5586,5490,5361,5303,5041,4821,4643,4600,4280,3889,3624,3391,3195,2941,2651,2369,2096,1941,1717,1504,1300,1226,1133,1032,893,800,696,596,523,449,419,387,333,323,320,294,297,269,236,213,195,181,154,130,117,89,82,65,53,52,52,41,40,32,29,27,26,23,23,19,17,16,15,9,10,9,8,8,7,9,7,8,9,11,4,4,5,5,5,4,4,6,6,
1,1,3,5,9,14,18,24,32,43,69,90,119,142,152,180,185,205,258,311,377,485,613,783,1046,1279,1522,1854,2265,2712,3183,3589,4177,4526,4650,4948,5367,5586,5490,5361,5303,5041,4821,4643,4600,4280,3889,3624,3391,3195,2941,2651,2369,2096,1941,1717,1504,1300,1226,1133,1032,893,800,696,596,523,449,419,387,333,323,320,294,297,269,236,213,195,181,154,130,117,89,82,65,53,52,52,41,40,32,29,27,26,23,23,19,17,16,15,9,10,9,8,8,7,9,7,8,9,11,4,4,5,5,5,4,4,6,6,
1,1,3,5,9,14,18,24,32,43,69,90,119,142,152,180,185,205,258,311,377,485,613,783,1046,1279,1522,1854,2265,2712,3183,3589,4177,4526,4650,4948,5367,5586,5490,5361,5303,5041,4821,4643,4600,4280,3889,3624,3391,3195,2941,2651,2369,2096,1941,1717,1504,1300,1226,1133,1032,893,800,696,596,523,449,419,387,333,323,320,294,297,269,236,213,195,181,154,130,117,89,82,65,53,52,52,41,40,32,29,27,26,23,23,19,17,16,15,9,10,9,8,8,7,9,7,8,9,11,4,4,5,5,5,4,4,6,6,
1,1,3,5,9,14,18,24,32,43,69,90,119,142,152,180,185,205,258,311,377,485,613,783,1046,1279,1522,1854,2265,2712,3183,3589,4177,4526,4650,4948,5367,5586,5490,5361,5303,5041,4821,4643,4600,4280,3889,3624,3391,3195,2941,2651,2369,2096,1941,1717,1504,1300,1226,1133,1032,893,800,696,596,523,449,419,387,333,323,320,294,297,269,236,213,195,181,154,130,117,89,82,65,53,52,52,41,40,32,29,27,26,23,23,19,17,16,15,9,10,9,8,8,7,9,7,8,9,11,4,4,5,5,5,4,4,6,6,
1,1,3,5,9,14,18,24,32,43,69,90,119,142,152,180,185,205,258,311,377,485,613,783,1046,1279,1522,1854,2265,2712,3183,3589,4177,4526,4650,4948,5367,5586,5490,5361,5303,5041,4821,4643,4600,4280,3889,3624,3391,3195,2941,2651,2369,2096,1941,1717,1504,1300,1226,1133,1032,893,800,696,596,523,449,419,387,333,323,320,294,297,269,236,213,195,181,154,130,117,89,82,65,53,52,52,41,40,32,29,27,26,23,23,19,17,16,15,9,10,9,8,8,7,9,7,8,9,11,4,4,5,5,5,4,4,6,6,
1,2,6,7,14,21,33,44,56,61,85,110,139,171,210,259,310,358,392,475,543,656,820,945,1101,1311,1580,1874,2298,2761,3346,3721,4192,4824,5431,5804,5840,5458,5093,4784,4614,4559,4470,4464,4471,4286,3967,3776,3417,3112,2826,2493,2256,1977,1781,1582,1398,1229,1129,1076,919,814,725,630,555,509,444,398,349,323,304,280,257,215,176,163,150,140,128,117,97,83,76,66,63,55,54,61,64,59,46,38,31,25,22,17,15,10,8,7,5,6,6,5,5,7,10,11,11,10,8,7,5,4,4,4,5,6,5,4,
1,2,6,7,14,21,33,44,56,61,85,110,139,171,210,259,310,358,392,475,543,656,820,945,1101,1311,1580,1874,2298,2761,3346,3721,4192,4824,5431,5804,5840,5458,5093,4784,4614,4559,4470,4464,4471,4286,3967,3776,3417,3112,2826,2493,2256,1977,1781,1582,1398,1229,1129,1076,919,814,725,630,555,509,444,398,349,323,304,280,257,215,176,163,150,140,128,117,97,83,76,66,63,55,54,61,64,59,46,38,31,25,22,17,15,10,8,7,5,6,6,5,5,7,10,11,11,10,8,7,5,4,4,4,5,6,5,4,
1,2,2,3,6,10,14,16,21,31,39,53,72,105,139,185,240,302,373,444,540,629,763,893,1069,1315,1576,1836,2061,2313,2584,2890,3449,4146,4724,5420,6117,6899,7454,7684,7830,7478,6941,6436,5930,5467,4786,4344,4031,3734,3484,3097,2829,2492,2135,1893,1717,1573,1458,1327,1265,1079,945,875,799,713,640,574,546,503,468,448,409,374,325,291,251,222,187,156,137,116,91,85,75,71,69,61,53,42,37,31,25,23,17,17,14,12,12,12,12,9,9,8,7,9,10,11,11,14,13,15,13,11,8,7,7,6,6,7,
1,2,2,3,6,10,14,16,21,31,39,53,72,105,139,185,240,302,373,444,540,629,763,893,1069,1315,1576,1836,2061,2313,2584,2890,3449,4146,4724,5420,6117,6899,7454,7684,7830,7478,6941,6436,5930,5467,4786,4344,4031,3734,3484,3097,2829,2492,2135,1893,1717,1573,1458,1327,1265,1079,945,875,799,713,640,574,546,503,468,448,409,374,325,291,251,222,187,156,137,116,91,85,75,71,69,61,53,42,37,31,25,23,17,17,14,12,12,12,12,9,9,8,7,9,10,11,11,14,13,15,13,11,8,7,7,6,6,7,
1,1,2,4,4,10,12,20,31,39,46,62,70,96,134,168,219,270,356,487,627,791,958,1150,1407,1619,1756,1952,2145,2464,2723,3063,3318,3708,4292,4854,5455,5881,6354,6383,6327,6323,5930,5534,5083,4702,4439,4122,3911,3720,3143,2701,2388,2167,2006,1907,1734,1574,1379,1213,1074,947,832,714,639,564,507,452,418,353,349,333,337,316,279,264,242,210,180,152,131,108,97,87,71,63,61,53,49,36,32,28,26,24,24,26,20,15,12,10,9,8,10,9,12,12,13,9,8,10,10,11,9,8,7,5,5,3,4,6,
1,1,2,4,4,10,12,20,31,39,46,62,70,96,134,168,219,270,356,487,627,791,958,1150,1407,1619,1756,1952,2145,2464,2723,3063,3318,3708,4292,4854,5455,5881,6354,6383,6327,6323,5930,5534,5083,4702,4439,4122,3911,3720,3143,2701,2388,2167,2006,1907,1734,1574,1379,1213,1074,947,832,714,639,564,507,452,418,353,349,333,337,316,279,264,242,210,180,152,131,108,97,87,71,63,61,53,49,36,32,28,26,24,24,26,20,15,12,10,9,8,10,9,12,12,13,9,8,10,10,11,9,8,7,5,5,3,4,6,
1,1,2,4,4,10,12,20,31,39,46,62,70,96,134,168,219,270,356,487,627,791,958,1150,1407,1619,1756,1952,2145,2464,2723,3063,3318,3708,4292,4854,5455,5881,6354,6383,6327,6323,5930,5534,5083,4702,4439,4122,3911,3720,3143,2701,2388,2167,2006,1907,1734,1574,1379,1213,1074,947,832,714,639,564,507,452,418,353,349,333,337,316,279,264,242,210,180,152,131,108,97,87,71,63,61,53,49,36,32,28,26,24,24,26,20,15,12,10,9,8,10,9,12,12,13,9,8,10,10,11,9,8,7,5,5,3,4,6,
1,1,1,1,2,4,5,12,16,29,41,62,88,100,123,147,181,216,252,330,414,517,669,846,1023,1275,1511,1685,1845,2158,2443,2775,3351,3817,4420,4954,5782,6382,6619,6836,6930,6832,6498,5846,5259,4792,4493,4043,3606,3228,2956,2654,2394,2211,2025,1931,1688,1534,1426,1296,1222,1088,948,818,702,602,513,465,409,382,361,323,302,280,259,259,238,221,210,193,161,140,137,119,102,93,81,62,52,40,35,30,21,11,10,9,8,10,11,12,10,12,11,12,13,14,14,12,12,9,10,8,7,6,7,7,7,8,8,6,
1,1,1,1,2,4,5,12,16,29,41,62,88,100,123,147,181,216,252,330,414,517,669,846,1023,1275,1511,1685,1845,2158,2443,2775,3351,3817,4420,4954,5782,6382,6619,6836,6930,6832,6498,5846,5259,4792,4493,4043,3606,3228,2956,2654,2394,2211,2025,1931,1688,1534,1426,1296,1222,1088,948,818,702,602,513,465,409,382,361,323,302,280,259,259,238,221,210,193,161,140,137,119,102,93,81,62,52,40,35,30,21,11,10,9,8,10,11,12,10,12,11,12,13,14,14,12,12,9,10,8,7,6,7,7,7,8,8,6,
1,2,3,4,8,16,25,25,34,40,52,68,85,114,127,152,177,236,285,324,404,531,633,759,939,1181,1465,1780,2218,2736,3226,3630,4057,4667,5080,5632,6288,6649,6844,6836,6751,6578,6346,5859,5469,4953,4613,4598,4177,3878,3474,3289,2913,2564,2185,1929,1786,1562,1409,1317,1191,1037,923,849,803,676,594,541,460,411,362,334,293,262,227,193,170,154,140,126,115,100,93,74,58,67,62,58,49,42,40,39,33,35,32,28,23,12,13,11,9,11,12,13,10,9,12,12,15,13,11,11,6,5,4,5,5,4,4,3,
1,2,4,7,10,18,19,33,47,74,96,137,186,219,261,328,399,478,589,674,788,954,1172,1410,1742,2224,2776,3288,3741,4169,4596,5022,5687,6115,6407,6963,7364,7731,7901,8216,8289,7892,7679,7159,6469,5712,5638,5559,5077,4768,4380,3987,3431,2981,2873,2662,2381,2074,1761,1539,1405,1272,1164,994,876,773,698,597,495,453,440,429,425,420,393,362,318,261,230,210,192,176,159,131,109,87,76,65,51,43,38,35,24,21,20,19,21,15,14,15,14,13,14,12,15,14,16,14,10,9,8,6,6,5,4,2,2,2,2,1,
1,2,4,7,10,18,19,33,47,74,96,137,186,219,261,328,399,478,589,674,788,954,1172,1410,1742,2224,2776,3288,3741,4169,4596,5022,5687,6115,6407,6963,7364,7731,7901,8216,8289,7892,7679,7159,6469,5712,5638,5559,5077,4768,4380,3987,3431,2981,2873,2662,2381,2074,1761,1539,1405,1272,1164,994,876,773,698,597,495,453,440,429,425,420,393,362,318,261,230,210,192,176,159,131,109,87,76,65,51,43,38,35,24,21,20,19,21,15,14,15,14,13,14,12,15,14,16,14,10,9,8,6,6,5,4,2,2,2,2,1,
1,2,4,7,10,18,19,33,47,74,96,137,186,219,261,328,399,478,589,674,788,954,1172,1410,1742,2224,2776,3288,3741,4169,4596,5022,5687,6115,6407,6963,7364,7731,7901,8216,8289,7892,7679,7159,6469,5712,5638,5559,5077,4768,4380,3987,3431,2981,2873,2662,2381,2074,1761,1539,1405,1272,1164,994,876,773,698,597,495,453,440,429,425,420,393,362,318,261,230,210,192,176,159,131,109,87,76,65,51,43,38,35,24,21,20,19,21,15,14,15,14,13,14,12,15,14,16,14,10,9,8,6,6,5,4,2,2,2,2,1,
1,2,4,7,10,18,19,33,47,74,96,137,186,219,261,328,399,478,589,674,788,954,1172,1410,1742,2224,2776,3288,3741,4169,4596,5022,5687,6115,6407,6963,7364,7731,7901,8216,8289,7892,7679,7159,6469,5712,5638,5559,5077,4768,4380,3987,3431,2981,2873,2662,2381,2074,1761,1539,1405,1272,1164,994,876,773,698,597,495,453,440,429,425,420,393,362,318,261,230,210,192,176,159,131,109,87,76,65,51,43,38,35,24,21,20,19,21,15,14,15,14,13,14,12,15,14,16,14,10,9,8,6,6,5,4,2,2,2,2,1,
1,2,4,7,10,18,19,33,47,74,96,137,186,219,261,328,399,478,589,674,788,954,1172,1410,1742,2224,2776,3288,3741,4169,4596,5022,5687,6115,6407,6963,7364,7731,7901,8216,8289,7892,7679,7159,6469,5712,5638,5559,5077,4768,4380,3987,3431,2981,2873,2662,2381,2074,1761,1539,1405,1272,1164,994,876,773,698,597,495,453,440,429,425,420,393,362,318,261,230,210,192,176,159,131,109,87,76,65,51,43,38,35,24,21,20,19,21,15,14,15,14,13,14,12,15,14,16,14,10,9,8,6,6,5,4,2,2,2,2,1,
1,3,3,3,4,5,13,24,32,40,60,76,100,149,174,202,238,304,375,476,637,842,1080,1371,1686,2073,2531,3159,3733,4457,5184,5741,6580,7122,7327,7806,7979,7817,7469,7455,7417,7114,6877,6837,6619,6205,5742,5001,4658,4055,3789,3590,3310,3057,2734,2464,2202,1985,1734,1537,1345,1138,994,842,776,662,584,561,526,510,498,447,384,326,281,261,229,200,182,163,151,137,125,111,101,99,89,78,72,60,56,48,42,34,26,18,14,11,10,11,12,11,13,14,14,12,15,17,12,11,13,11,12,10,8,7,6,5,5,4,
1,3,3,3,4,5,13,24,32,40,60,76,100,149,174,202,238,304,375,476,637,842,1080,1371,1686,2073,2531,3159,3733,4457,5184,5741,6580,7122,7327,7806,7979,7817,7469,7455,7417,7114,6877,6837,6619,6205,5742,5001,4658,4055,3789,3590,3310,3057,2734,2464,2202,1985,1734,1537,1345,1138,994,842,776,662,584,561,526,510,498,447,384,326,281,261,229,200,182,163,151,137,125,111,101,99,89,78,72,60,56,48,42,34,26,18,14,11,10,11,12,11,13,14,14,12,15,17,12,11,13,11,12,10,8,7,6,5,5,4,
1,3,3,3,4,5,13,24,32,40,60,76,100,149,174,202,238,304,375,476,637,842,1080,1371,1686,2073,2531,3159,3733,4457,5184,5741,6580,7122,7327,7806,7979,7817,7469,7455,7417,7114,6877,6837,6619,6205,5742,5001,4658,4055,3789,3590,3310,3057,2734,2464,2202,1985,1734,1537,1345,1138,994,842,776,662,584,561,526,510,498,447,384,326,281,261,229,200,182,163,151,137,125,111,101,99,89,78,72,60,56,48,42,34,26,18,14,11,10,11,12,11,13,14,14,12,15,17,12,11,13,11,12,10,8,7,6,5,5,4,
1,3,3,5,6,8,15,24,33,50,65,87,108,151,197,264,365,459,586,738,904,1116,1344,1533,1772,2065,2446,2854,3232,3580,3954,4480,5113,5869,6719,7667,8522,9111,9543,9533,9186,8322,7947,7545,7172,6682,6189,6038,5674,5077,4411,3769,3257,2791,2453,2237,2004,1779,1622,1380,1231,1122,980,839,771,661,595,573,548,534,541,530,490,408,352,299,260,215,185,156,137,122,109,102,88,73,63,63,51,43,39,37,33,28,22,19,18,15,15,16,13,11,12,13,16,17,17,14,16,17,16,15,11,9,9,10,10,8,7,6,
1,3,3,5,6,8,15,24,33,50,65,87,108,151,197,264,365,459,586,738,904,1116,1344,1533,1772,2065,2446,2854,3232,3580,3954,4480,5113,5869,6719,7667,8522,9111,9543,9533,9186,8322,7947,7545,7172,6682,6189,6038,5674,5077,4411,3769,3257,2791,2453,2237,2004,1779,1622,1380,1231,1122,980,839,771,661,595,573,548,534,541,530,490,408,352,299,260,215,185,156,137,122,109,102,88,73,63,63,51,43,39,37,33,28,22,19,18,15,15,16,13,11,12,13,16,17,17,14,16,17,16,15,11,9,9,10,10,8,7,6,
1,1,1,3,6,11,18,26,34,43,61,82,104,137,166,204,234,272,332,388,498,626,777,974,1248,1565,1867,2122,2487,3045,3599,4216,4732,5374,6167,6864,7446,8039,8643,9363,9804,10100,9805,8800,7472,6823,6041,5487,4954,4543,4067,3645,3416,3208,2967,2860,2513,2163,1869,1675,1528,1331,1182,1087,915,806,740,713,618,564,539,498,431,409,371,334,291,255,235,210,188,163,141,119,101,91,86,73,61,56,48,43,34,31,27,24,23,21,17,15,13,15,13,12,10,11,12,18,17,21,16,13,11,8,9,9,5,3,3,3,
1,1,1,3,6,11,18,26,34,43,61,82,104,137,166,204,234,272,332,388,498,626,777,974,1248,1565,1867,2122,2487,3045,3599,4216,4732,5374,6167,6864,7446,8039,8643,9363,9804,10100,9805,8800,7472,6823,6041,5487,4954,4543,4067,3645,3416,3208,2967,2860,2513,2163,1869,1675,1528,1331,1182,1087,915,806,740,713,618,564,539,498,431,409,371,334,291,255,235,210,188,163,141,119,101,91,86,73,61,56,48,43,34,31,27,24,23,21,17,15,13,15,13,12,10,11,12,18,17,21,16,13,11,8,9,9,5,3,3,3,
1,1,1,3,6,11,18,26,34,43,61,82,104,137,166,204,234,272,332,388,498,626,777,974,1248,1565,1867,2122,2487,3045,3599,4216,4732,5374,6167,6864,7446,8039,8643,9363,9804,10100,9805,8800,7472,6823,6041,5487,4954,4543,4067,3645,3416,3208,2967,2860,2513,2163,1869,1675,1528,1331,1182,1087,915,806,740,713,618,564,539,498,431,409,371,334,291,255,235,210,188,163,141,119,101,91,86,73,61,56,48,43,34,31,27,24,23,21,17,15,13,15,13,12,10,11,12,18,17,21,16,13,11,8,9,9,5,3,3,3,
1,1,1,3,6,11,18,26,34,43,61,82,104,137,166,204,234,272,332,388,498,626,777,974,1248,1565,1867,2122,2487,3045,3599,4216,4732,5374,6167,6864,7446,8039,8643,9363,9804,10100,9805,8800,7472,6823,6041,5487,4954,4543,4067,3645,3416,3208,2967,2860,2513,2163,1869,1675,1528,1331,1182,1087,915,806,740,713,618,564,539,498,431,409,371,334,291,255,235,210,188,163,141,119,101,91,86,73,61,56,48,43,34,31,27,24,23,21,17,15,13,15,13,12,10,11,12,18,17,21,16,13,11,8,9,9,5,3,3,3,
1,1,1,3,6,11,18,26,34,43,61,82,104,137,166,204,234,272,332,388,498,626,777,974,1248,1565,1867,2122,2487,3045,3599,4216,4732,5374,6167,6864,7446,8039,8643,9363,9804,10100,9805,8800,7472,6823,6041,5487,4954,4543,4067,3645,3416,3208,2967,2860,2513,2163,1869,1675,1528,1331,1182,1087,915,806,740,713,618,564,539,498,431,409,371,334,291,255,235,210,188,163,141,119,101,91,86,73,61,56,48,43,34,31,27,24,23,21,17,15,13,15,13,12,10,11,12,18,17,21,16,13,11,8,9,9,5,3,3,3,
1,1,1,3,6,11,18,26,34,43,61,82,104,137,166,204,234,272,332,388,498,626,777,974,1248,1565,1867,2122,2487,3045,3599,4216,4732,5374,6167,6864,7446,8039,8643,9363,9804,10100,9805,8800,7472,6823,6041,5487,4954,4543,4067,3645,3416,3208,2967,2860,2513,2163,1869,1675,1528,1331,1182,1087,915,806,740,713,618,564,539,498,431,409,371,334,291,255,235,210,188,163,141,119,101,91,86,73,61,56,48,43,34,31,27,24,23,21,17,15,13,15,13,12,10,11,12,18,17,21,16,13,11,8,9,9,5,3,3,3,
1,1,1,3,6,11,18,26,34,43,61,82,104,137,166,204,234,272,332,388,498,626,777,974,1248,1565,1867,2122,2487,3045,3599,4216,4732,5374,6167,6864,7446,8039,8643,9363,9804,10100,9805,8800,7472,6823,6041,5487,4954,4543,4067,3645,3416,3208,2967,2860,2513,2163,1869,1675,1528,1331,1182,1087,915,806,740,713,618,564,539,498,431,409,371,334,291,255,235,210,188,163,141,119,101,91,86,73,61,56,48,43,34,31,27,24,23,21,17,15,13,15,13,12,10,11,12,18,17,21,16,13,11,8,9,9,5,3,3,3,
1,1,1,3,6,11,18,26,34,43,61,82,104,137,166,204,234,272,332,388,498,626,777,974,1248,1565,1867,2122,2487,3045,3599,4216,4732,5374,6167,6864,7446,8039,8643,9363,9804,10100,9805,8800,7472,6823,6041,5487,4954,4543,4067,3645,3416,3208,2967,2860,2513,2163,1869,1675,1528,1331,1182,1087,915,806,740,713,618,564,539,498,431,409,371,334,291,255,235,210,188,163,141,119,101,91,86,73,61,56,48,43,34,31,27,24,23,21,17,15,13,15,13,12,10,11,12,18,17,21,16,13,11,8,9,9,5,3,3,3,
1,1,1,3,6,11,18,26,34,43,61,82,104,137,166,204,234,272,332,388,498,626,777,974,1248,1565,1867,2122,2487,3045,3599,4216,4732,5374,6167,6864,7446,8039,8643,9363,9804,10100,9805,8800,7472,6823,6041,5487,4954,4543,4067,3645,3416,3208,2967,2860,2513,2163,1869,1675,1528,1331,1182,1087,915,806,740,713,618,564,539,498,431,409,371,334,291,255,235,210,188,163,141,119,101,91,86,73,61,56,48,43,34,31,27,24,23,21,17,15,13,15,13,12,10,11,12,18,17,21,16,13,11,8,9,9,5,3,3,3,
1,1,1,3,6,11,18,26,34,43,61,82,104,137,166,204,234,272,332,388,498,626,777,974,1248,1565,1867,2122,2487,3045,3599,4216,4732,5374,6167,6864,7446,8039,8643,9363,9804,10100,9805,8800,7472,6823,6041,5487,4954,4543,4067,3645,3416,3208,2967,2860,2513,2163,1869,1675,1528,1331,1182,1087,915,806,740,713,618,564,539,498,431,409,371,334,291,255,235,210,188,163,141,119,101,91,86,73,61,56,48,43,34,31,27,24,23,21,17,15,13,15,13,12,10,11,12,18,17,21,16,13,11,8,9,9,5,3,3,3,
1,1,1,3,6,11,18,26,34,43,61,82,104,137,166,204,234,272,332,388,498,626,777,974,1248,1565,1867,2122,2487,3045,3599,4216,4732,5374,6167,6864,7446,8039,8643,9363,9804,10100,9805,8800,7472,6823,6041,5487,4954,4543,4067,3645,3416,3208,2967,2860,2513,2163,1869,1675,1528,1331,1182,1087,915,806,740,713,618,564,539,498,431,409,371,334,291,255,235,210,188,163,141,119,101,91,86,73,61,56,48,43,34,31,27,24,23,21,17,15,13,15,13,12,10,11,12,18,17,21,16,13,11,8,9,9,5,3,3,3,
1,1,1,3,6,11,18,26,34,43,61,82,104,137,166,204,234,272,332,388,498,626,777,974,1248,1565,1867,2122,2487,3045,3599,4216,4732,5374,6167,6864,7446,8039,8643,9363,9804,10100,9805,8800,7472,6823,6041,5487,4954,4543,4067,3645,3416,3208,2967,2860,2513,2163,1869,1675,1528,1331,1182,1087,915,806,740,713,618,564,539,498,431,409,371,334,291,255,235,210,188,163,141,119,101,91,86,73,61,56,48,43,34,31,27,24,23,21,17,15,13,15,13,12,10,11,12,18,17,21,16,13,11,8,9,9,5,3,3,3,
1,2,2,5,8,13,16,24,36,51,74,95,123,160,202,247,295,372,426,503,648,799,992,1261,1572,1903,2366,2892,3390,3956,4433,4992,5512,6178,6606,7131,7666,7967,8128,8204,8073,7756,7172,6558,6117,5785,5449,4959,4485,4094,3620,3322,3101,2901,2630,2310,1999,1796,1663,1592,1474,1295,1121,947,771,655,620,566,570,551,523,511,475,449,418,396,348,293,269,228,222,194,171,146,116,98,83,69,66,60,49,44,37,30,27,27,24,19,17,15,13,12,13,13,15,16,16,14,15,14,13,12,12,11,11,11,11,9,6,5,
1,2,2,5,8,13,16,24,36,51,74,95,123,160,202,247,295,372,426,503,648,799,992,1261,1572,1903,2366,2892,3390,3956,4433,4992,5512,6178,6606,7131,7666,7967,8128,8204,8073,7756,7172,6558,6117,5785,5449,4959,4485,4094,3620,3322,3101,2901,2630,2310,1999,1796,1663,1592,1474,1295,1121,947,771,655,620,566,570,551,523,511,475,449,418,396,348,293,269,228,222,194,171,146,116,98,83,69,66,60,49,44,37,30,27,27,24,19,17,15,13,12,13,13,15,16,16,14,15,14,13,12,12,11,11,11,11,9,6,5,
1,2,2,5,8,13,16,24,36,51,74,95,123,160,202,247,295,372,426,503,648,799,992,1261,1572,1903,2366,2892,3390,3956,4433,4992,5512,6178,6606,7131,7666,7967,8128,8204,8073,7756,7172,6558,6117,5785,5449,4959,4485,4094,3620,3322,3101,2901,2630,2310,1999,1796,1663,1592,1474,1295,1121,947,771,655,620,566,570,551,523,511,475,449,418,396,348,293,269,228,222,194,171,146,116,98,83,69,66,60,49,44,37,30,27,27,24,19,17,15,13,12,13,13,15,16,16,14,15,14,13,12,12,11,11,11,11,9,6,5,
1,2,2,5,8,13,16,24,36,51,74,95,123,160,202,247,295,372,426,503,648,799,992,1261,1572,1903,2366,2892,3390,3956,4433,4992,5512,6178,6606,7131,7666,7967,8128,8204,8073,7756,7172,6558,6117,5785,5449,4959,4485,4094,3620,3322,3101,2901,2630,2310,1999,1796,1663,1592,1474,1295,1121,947,771,655,620,566,570,551,523,511,475,449,418,396,348,293,269,228,222,194,171,146,116,98,83,69,66,60,49,44,37,30,27,27,24,19,17,15,13,12,13,13,15,16,16,14,15,14,13,12,12,11,11,11,11,9,6,5,
1,2,2,5,8,13,16,24,36,51,74,95,123,160,202,247,295,372,426,503,648,799,992,1261,1572,1903,2366,2892,3390,3956,4433,4992,5512,6178,6606,7131,7666,7967,8128,8204,8073,7756,7172,6558,6117,5785,5449,4959,4485,4094,3620,3322,3101,2901,2630,2310,1999,1796,1663,1592,1474,1295,1121,947,771,655,620,566,570,551,523,511,475,449,418,396,348,293,269,228,222,194,171,146,116,98,83,69,66,60,49,44,37,30,27,27,24,19,17,15,13,12,13,13,15,16,16,14,15,14,13,12,12,11,11,11,11,9,6,5,
1,2,2,5,8,13,16,24,36,51,74,95,123,160,202,247,295,372,426,503,648,799,992,1261,1572,1903,2366,2892,3390,3956,4433,4992,5512,6178,6606,7131,7666,7967,8128,8204,8073,7756,7172,6558,6117,5785,5449,4959,4485,4094,3620,3322,3101,2901,2630,2310,1999,1796,1663,1592,1474,1295,1121,947,771,655,620,566,570,551,523,511,475,449,418,396,348,293,269,228,222,194,171,146,116,98,83,69,66,60,49,44,37,30,27,27,24,19,17,15,13,12,13,13,15,16,16,14,15,14,13,12,12,11,11,11,11,9,6,5,
1,2,2,5,8,13,16,24,36,51,74,95,123,160,202,247,295,372,426,503,648,799,992,1261,1572,1903,2366,2892,3390,3956,4433,4992,5512,6178,6606,7131,7666,7967,8128,8204,8073,7756,7172,6558,6117,5785,5449,4959,4485,4094,3620,3322,3101,2901,2630,2310,1999,1796,1663,1592,1474,1295,1121,947,771,655,620,566,570,551,523,511,475,449,418,396,348,293,269,228,222,194,171,146,116,98,83,69,66,60,49,44,37,30,27,27,24,19,17,15,13,12,13,13,15,16,16,14,15,14,13,12,12,11,11,11,11,9,6,5,
1,2,2,5,8,13,16,24,36,51,74,95,123,160,202,247,295,372,426,503,648,799,992,1261,1572,1903,2366,2892,3390,3956,4433,4992,5512,6178,6606,7131,7666,7967,8128,8204,8073,7756,7172,6558,6117,5785,5449,4959,4485,4094,3620,3322,3101,2901,2630,2310,1999,1796,1663,1592,1474,1295,1121,947,771,655,620,566,570,551,523,511,475,449,418,396,348,293,269,228,222,194,171,146,116,98,83,69,66,60,49,44,37,30,27,27,24,19,17,15,13,12,13,13,15,16,16,14,15,14,13,12,12,11,11,11,11,9,6,5,
1,2,2,5,8,13,16,24,36,51,74,95,123,160,202,247,295,372,426,503,648,799,992,1261,1572,1903,2366,2892,3390,3956,4433,4992,5512,6178,6606,7131,7666,7967,8128,8204,8073,7756,7172,6558,6117,5785,5449,4959,4485,4094,3620,3322,3101,2901,2630,2310,1999,1796,1663,1592,1474,1295,1121,947,771,655,620,566,570,551,523,511,475,449,418,396,348,293,269,228,222,194,171,146,116,98,83,69,66,60,49,44,37,30,27,27,24,19,17,15,13,12,13,13,15,16,16,14,15,14,13,12,12,11,11,11,11,9,6,5,
1,2,2,5,8,13,16,24,36,51,74,95,123,160,202,247,295,372,426,503,648,799,992,1261,1572,1903,2366,2892,3390,3956,4433,4992,5512,6178,6606,7131,7666,7967,8128,8204,8073,7756,7172,6558,6117,5785,5449,4959,4485,4094,3620,3322,3101,2901,2630,2310,1999,1796,1663,1592,1474,1295,1121,947,771,655,620,566,570,551,523,511,475,449,418,396,348,293,269,228,222,194,171,146,116,98,83,69,66,60,49,44,37,30,27,27,24,19,17,15,13,12,13,13,15,16,16,14,15,14,13,12,12,11,11,11,11,9,6,5,
1,2,2,5,8,13,16,24,36,51,74,95,123,160,202,247,295,372,426,503,648,799,992,1261,1572,1903,2366,2892,3390,3956,4433,4992,5512,6178,6606,7131,7666,7967,8128,8204,8073,7756,7172,6558,6117,5785,5449,4959,4485,4094,3620,3322,3101,2901,2630,2310,1999,1796,1663,1592,1474,1295,1121,947,771,655,620,566,570,551,523,511,475,449,418,396,348,293,269,228,222,194,171,146,116,98,83,69,66,60,49,44,37,30,27,27,24,19,17,15,13,12,13,13,15,16,16,14,15,14,13,12,12,11,11,11,11,9,6,5,
1,2,2,5,8,13,16,24,36,51,74,95,123,160,202,247,295,372,426,503,648,799,992,1261,1572,1903,2366,2892,3390,3956,4433,4992,5512,6178,6606,7131,7666,7967,8128,8204,8073,7756,7172,6558,6117,5785,5449,4959,4485,4094,3620,3322,3101,2901,2630,2310,1999,1796,1663,1592,1474,1295,1121,947,771,655,620,566,570,551,523,511,475,449,418,396,348,293,269,228,222,194,171,146,116,98,83,69,66,60,49,44,37,30,27,27,24,19,17,15,13,12,13,13,15,16,16,14,15,14,13,12,12,11,11,11,11,9,6,5,
1,2,2,5,8,13,16,24,36,51,74,95,123,160,202,247,295,372,426,503,648,799,992,1261,1572,1903,2366,2892,3390,3956,4433,4992,5512,6178,6606,7131,7666,7967,8128,8204,8073,7756,7172,6558,6117,5785,5449,4959,4485,4094,3620,3322,3101,2901,2630,2310,1999,1796,1663,1592,1474,1295,1121,947,771,655,620,566,570,551,523,511,475,449,418,396,348,293,269,228,222,194,171,146,116,98,83,69,66,60,49,44,37,30,27,27,24,19,17,15,13,12,13,13,15,16,16,14,15,14,13,12,12,11,11,11,11,9,6,5,
