gamma,psi_distribs_0,psi_changetime_0,psi_distribs_1,phi_distribs_0,phi_changetime_0,phi_distribs_1,initialBeta,betaJitter,
0.13063823779839134,2.7591567659040404E-4,35.0,0.0024288518237234936,0.004312829145649319,35.0,0.051393126676778964,0.10435756970290425,0.04491885295824815,
0.1246174352776208,3.14089700078566E-4,35.0,0.002320719587047749,0.004595186521455455,35.0,0.053694939704292274,0.11112181509934912,0.043556699162834264,
0.14978193502284823,2.668239823738059E-4,35.0,0.0027321895304939477,0.005218923887507892,35.0,0.04966185384043508,0.1033951053421962,0.05003689536684649,
0.16598958192020985,2.82841828216253E-4,35.0,0.002894864136594155,0.005810490101956377,35.0,0.046724942196025,0.11040410486055131,0.0516491669547995,
0.15943507137291502,3.333562905428639E-4,35.0,0.0027711967381634285,0.005962835852669729,35.0,0.05049018663486021,0.12135380792870457,0.04920768700655566,
0.15943507137291502,3.333562905428639E-4,35.0,0.0027711967381634285,0.005962835852669729,35.0,0.05049018663486021,0.12135380792870457,0.04920768700655566,
0.16005461785124944,3.3625735351181256E-4,35.0,0.002970819832826539,0.005682532242706952,35.0,0.04848097097133822,0.12880451860778483,0.04542196523083012,
0.16005461785124944,3.3625735351181256E-4,35.0,0.002970819832826539,0.005682532242706952,35.0,0.04848097097133822,0.12880451860778483,0.04542196523083012,
0.16005461785124944,3.3625735351181256E-4,35.0,0.002970819832826539,0.005682532242706952,35.0,0.04848097097133822,0.12880451860778483,0.04542196523083012,
0.16005461785124944,3.3625735351181256E-4,35.0,0.002970819832826539,0.005682532242706952,35.0,0.04848097097133822,0.12880451860778483,0.04542196523083012,
0.16005461785124944,3.3625735351181256E-4,35.0,0.002970819832826539,0.005682532242706952,35.0,0.04848097097133822,0.12880451860778483,0.04542196523083012,
0.18021358812510013,3.76498113057107E-4,35.0,0.0026224172287001913,0.005409660351425853,35.0,0.045022382659798584,0.12921575909037467,0.047177973852266596,
0.18021358812510013,3.76498113057107E-4,35.0,0.0026224172287001913,0.005409660351425853,35.0,0.045022382659798584,0.12921575909037467,0.047177973852266596,
0.1681341970236736,3.233225370762008E-4,35.0,0.0023225424558370135,0.0056435586999114525,35.0,0.05064255194351848,0.13306255812556847,0.051178438377313736,
0.1579293507724694,2.8616505818429035E-4,35.0,0.002384724034343565,0.006024230702573054,35.0,0.05199395586937955,0.1311474401257583,0.0533197946858966,
0.1608081475190743,2.8631508280211574E-4,35.0,0.0027086553498269733,0.005670173633964576,35.0,0.05349378003254824,0.13592461664305547,0.05876688212107446,
0.1608081475190743,2.8631508280211574E-4,35.0,0.0027086553498269733,0.005670173633964576,35.0,0.05349378003254824,0.13592461664305547,0.05876688212107446,
0.1608081475190743,2.8631508280211574E-4,35.0,0.0027086553498269733,0.005670173633964576,35.0,0.05349378003254824,0.13592461664305547,0.05876688212107446,
0.17355398928279786,3.238431841147764E-4,35.0,0.0026021618041023524,0.005461250318492093,35.0,0.05870472231421485,0.1579504500328832,0.05344010059746902,
0.18135410650395642,3.484372326112819E-4,35.0,0.002793186857706626,0.006551254382217385,35.0,0.054303826832194785,0.17479092300728483,0.049272094345355656,
0.16864597601169956,3.4106981895417135E-4,35.0,0.002850179148897499,0.0061492426813660895,35.0,0.06034377483486929,0.2031763303844199,0.05327993534418882,
0.1612086259812667,3.620065498931326E-4,35.0,0.002668651837882647,0.0066485238270870845,35.0,0.05490977404543732,0.21110048467510797,0.05114472006666173,
0.1661892639428024,3.701262071397643E-4,35.0,0.002813349246504766,0.006721012763748988,35.0,0.05937890644919825,0.243052885322075,0.04454004430539704,
0.1604610557831111,3.328305761303194E-4,35.0,0.0030162489889016177,0.005960722353039747,35.0,0.0657656182849001,0.26296482291038953,0.038645392139933864,
0.1604610557831111,3.328305761303194E-4,35.0,0.0030162489889016177,0.005960722353039747,35.0,0.0657656182849001,0.26296482291038953,0.038645392139933864,
0.17176566593236045,3.124537951160113E-4,35.0,0.0035634166779699083,0.006265540523038698,35.0,0.06498794682492841,0.24624764853155792,0.046381108856091445,
0.16142391113085197,2.5787749785537026E-4,35.0,0.003457788325493639,0.006047827184709432,35.0,0.06340677252116386,0.26367495804061863,0.044185164974659914,
0.16082577019717495,2.3343868756627896E-4,35.0,0.0034697114897707933,0.006480191074944766,35.0,0.06259199362500471,0.26642852954186846,0.042061587719733694,
0.16082577019717495,2.3343868756627896E-4,35.0,0.0034697114897707933,0.006480191074944766,35.0,0.06259199362500471,0.26642852954186846,0.042061587719733694,
0.15704544353506897,2.3289980875792682E-4,35.0,0.003250258681057978,0.006501256648592905,35.0,0.054490110069976075,0.2765920335394999,0.04182120531294899,
0.1615190208162753,2.1067499699904503E-4,35.0,0.0029238302362008866,0.006376771300102744,35.0,0.05422692438342938,0.273324846472912,0.032798624299504184,
0.15096840758152863,1.972369129145194E-4,35.0,0.0028404365111724087,0.00717233655260517,35.0,0.05196664910449613,0.28597568538312074,0.03562915480208679,
0.15096840758152863,1.972369129145194E-4,35.0,0.0028404365111724087,0.00717233655260517,35.0,0.05196664910449613,0.28597568538312074,0.03562915480208679,
0.16842452549011058,1.8712871123025744E-4,35.0,0.0026316099210732043,0.00581564069515714,35.0,0.05844177287302589,0.4322031854549025,0.03573093815308614,
0.16842452549011058,1.8712871123025744E-4,35.0,0.0026316099210732043,0.00581564069515714,35.0,0.05844177287302589,0.4322031854549025,0.03573093815308614,
0.16328972672811737,1.8079921141555402E-4,35.0,0.003077400950234549,0.0065683197078478,35.0,0.05658681268574493,0.4992803997103414,0.03926646209562449,
0.16328972672811737,1.8079921141555402E-4,35.0,0.003077400950234549,0.0065683197078478,35.0,0.05658681268574493,0.4992803997103414,0.03926646209562449,
0.16328972672811737,1.8079921141555402E-4,35.0,0.003077400950234549,0.0065683197078478,35.0,0.05658681268574493,0.4992803997103414,0.03926646209562449,
0.1565490375673888,2.054254647261085E-4,35.0,0.003355547972637364,0.0062944807235150975,35.0,0.05335958635766731,0.44133873676045204,0.03408003154141962,
0.14718902523834115,2.0792278151214507E-4,35.0,0.0028936618933502094,0.0062095195637355055,35.0,0.04885018586145746,0.5551435784023273,0.03737442991988286,
0.14186461074231416,1.9960926636895544E-4,35.0,0.0030848173168275253,0.005788035248108322,35.0,0.04987192361823764,0.6014868009843544,0.036974953778655055,
0.14841771245173105,2.1715404795827456E-4,35.0,0.0031254942408498886,0.006509662672826505,35.0,0.04811068636638646,0.4887790482065064,0.04011239679057167,
0.186888473878445,2.3763441971428603E-4,35.0,0.002859311603421908,0.005637279447070993,35.0,0.05174806628038511,0.46979907257955217,0.03994012128753913,
0.186888473878445,2.3763441971428603E-4,35.0,0.002859311603421908,0.005637279447070993,35.0,0.05174806628038511,0.46979907257955217,0.03994012128753913,
0.17437949552092094,2.325602240376776E-4,35.0,0.002422646199933195,0.005781499681950573,35.0,0.05157222961296758,0.5226551790288766,0.04146732296666002,
0.16109847544904501,2.7817306260757044E-4,35.0,0.0027204092646372783,0.006462946898039079,35.0,0.057073041740303095,0.507061248507136,0.036546948026198026,
0.16109847544904501,2.7817306260757044E-4,35.0,0.0027204092646372783,0.006462946898039079,35.0,0.057073041740303095,0.507061248507136,0.036546948026198026,
0.14883817929028945,2.822619963984149E-4,35.0,0.0029785866244206806,0.006255303820073833,35.0,0.05608855495367021,0.5155941615794526,0.042558179245636006,
0.17249414898051516,2.362159657355857E-4,35.0,0.0033939835531648426,0.006185407644031918,35.0,0.055792717872266404,0.5906339469166917,0.04228091669509347,
0.17680809343917706,2.513153823966138E-4,35.0,0.002892761785271071,0.005784529628280216,35.0,0.06049509802089177,0.6496719146685971,0.0454741235884794,
0.17165788819349775,2.46620974601635E-4,35.0,0.0026836625364020086,0.00526815814966382,35.0,0.06113946276637766,0.7371116422771743,0.05084167667321843,
0.19287342368434118,2.7814421024099884E-4,35.0,0.0023041221713802447,0.005382499980736242,35.0,0.04603241799174828,0.5342208800065233,0.050922808722342235,
0.18419949338564487,3.287083301531033E-4,35.0,0.002716121383381332,0.005189910336289185,35.0,0.049644636984497684,0.4289153995304862,0.04438508611466059,
0.18030638629937482,3.037935514368315E-4,35.0,0.003011075140387593,0.005595357241943055,35.0,0.05204723804957633,0.46291677480862775,0.04109455723461811,
0.20279347746374052,2.6811715454500094E-4,35.0,0.0027568860324737017,0.005226348287949089,35.0,0.04500114261726229,0.43501470333942527,0.04520370471496886,
0.22445771309086554,2.4583433546993786E-4,35.0,0.002493628304693715,0.005359567513913204,35.0,0.04680107247083127,0.4096379055834442,0.04569330397612005,
0.21116116928489714,2.2357776025012433E-4,35.0,0.0023155898112876103,0.005659131754261708,35.0,0.04055967585096852,0.43494816874556397,0.043551985839938884,
0.2104710814408061,1.9727064825829038E-4,35.0,0.0020186655457643,0.005269082856587621,35.0,0.04261104477711079,0.4831412540365401,0.0442318103983182,
0.2104710814408061,1.9727064825829038E-4,35.0,0.0020186655457643,0.005269082856587621,35.0,0.04261104477711079,0.4831412540365401,0.0442318103983182,
0.20050850327815473,1.8926888002688088E-4,35.0,0.002253339701212423,0.005481990450482724,35.0,0.042421353594378416,0.5889032294703666,0.04832649525761883,
0.18540916989967,2.0616331906174326E-4,35.0,0.002214721965415854,0.00500532396151121,35.0,0.0461589146517177,0.37341076640427096,0.04579316229561044,
0.16899226158275105,2.3400581363365835E-4,35.0,0.00217566167201087,0.006496302305015459,35.0,0.04445927841020711,0.5218309531920992,0.049876842181206194,
0.20235284463720568,2.1943842283483165E-4,35.0,0.002257193936077248,0.006269369540606659,35.0,0.04122131247769175,0.46878133314854425,0.0434303724649896,
0.16944018214087542,3.2398816417845863E-4,35.0,0.0020160644706656346,0.006288092713355552,35.0,0.048710558114650894,0.31398238332776657,0.05145877722264236,
0.16944018214087542,3.2398816417845863E-4,35.0,0.0020160644706656346,0.006288092713355552,35.0,0.048710558114650894,0.31398238332776657,0.05145877722264236,
0.1775085259803376,3.002606448430202E-4,35.0,0.002197816271722395,0.005939694635004458,35.0,0.039682575038532494,0.32823881989011416,0.047618327399924824,
0.1981612998854279,3.673739045613816E-4,35.0,0.002096489997370121,0.005890417758752975,35.0,0.04324469673630105,0.4166264993049589,0.03502544625947708,
0.17185675934131742,2.8540481523056384E-4,35.0,0.002141396256265677,0.005880616236337164,35.0,0.03615905784004906,0.48464776523391934,0.03991440049223465,
0.13883352923651773,2.0128080212940014E-4,35.0,0.0024487175526499523,0.0065783548089024015,35.0,0.04721436859290685,0.42272587717725674,0.034833168044673644,
0.15000756291477785,2.1434757556617885E-4,35.0,0.002241403276265702,0.00653203177209414,35.0,0.04299196358975442,0.44319683104303,0.03447277083919056,
0.16477415487533337,1.9413037494623103E-4,35.0,0.0019163841433227698,0.00603200871476537,35.0,0.04951200965506298,0.47343237583523473,0.031559651084373454,
0.14144167045509654,1.733845455116486E-4,35.0,0.002140208184343904,0.005456947052904348,35.0,0.046360933304777745,0.4639696326012637,0.02598320641246675,
0.13442543547455624,2.2703640828821206E-4,35.0,0.0026823563111240552,0.006262902002293093,35.0,0.05603404329874341,0.4472746153032888,0.02820830837010661,
0.14394311752981545,2.2277879912547359E-4,35.0,0.002685515228686558,0.006538103711036395,35.0,0.0593638995570033,0.39904239569390837,0.032170877297114576,
0.14458650304082513,2.3170786331213938E-4,35.0,0.002506843752088593,0.0066238248111414036,35.0,0.05598471369508629,0.3675601188360191,0.02796034917811376,
0.16679345219879674,2.763140268544972E-4,35.0,0.0023656598133555947,0.006382635818302931,35.0,0.04693247933588131,0.4265992459080012,0.03283758364559357,
0.17068246515566646,2.686881084214631E-4,35.0,0.0023275423485836755,0.0058464041925486866,35.0,0.046803734177873695,0.4087549439689362,0.033748424949805005,
0.1899204443319341,2.9739170518653394E-4,35.0,0.002675188891893641,0.005509177363035886,35.0,0.045820594676285346,0.46977100098301494,0.03405987684806617,
0.17450738479130248,3.439030936770922E-4,35.0,0.002249319054507322,0.005823447954957378,35.0,0.04923006318131316,0.5040196183938138,0.036845163731767154,
0.17450738479130248,3.439030936770922E-4,35.0,0.002249319054507322,0.005823447954957378,35.0,0.04923006318131316,0.5040196183938138,0.036845163731767154,
0.14412452109237184,3.09640483825715E-4,35.0,0.0021898459078076907,0.005789504660816399,35.0,0.04787939038077314,0.46578178207016113,0.039685562945626175,
0.15313196434624077,2.7675506015076935E-4,35.0,0.0020448162962836587,0.0064908164865810376,35.0,0.051849223845124456,0.48983725325595934,0.037935537064518944,
0.1560243508522223,2.5252882061555963E-4,35.0,0.002142372456927194,0.006201964788081241,35.0,0.044723022331732434,0.5101880551935786,0.025601597234764323,
0.1560243508522223,2.5252882061555963E-4,35.0,0.002142372456927194,0.006201964788081241,35.0,0.044723022331732434,0.5101880551935786,0.025601597234764323,
0.1560243508522223,2.5252882061555963E-4,35.0,0.002142372456927194,0.006201964788081241,35.0,0.044723022331732434,0.5101880551935786,0.025601597234764323,
0.13718438986189999,2.4341081095595907E-4,35.0,0.002555921993697699,0.0067192192899003765,35.0,0.050309339552800224,0.4514857564930236,0.028328012377012046,
0.13718438986189999,2.4341081095595907E-4,35.0,0.002555921993697699,0.0067192192899003765,35.0,0.050309339552800224,0.4514857564930236,0.028328012377012046,
0.15917248919430466,2.807518187099027E-4,35.0,0.0026007749813967192,0.007475637069076922,35.0,0.059577266141293356,0.5383756958418329,0.037832155104565016,
0.1651672141063795,3.0732039128420966E-4,35.0,0.002896237090964079,0.006987711189366577,35.0,0.0623190930335406,0.4681675863094079,0.035982730914754714,
0.1610338390745984,2.729153687228133E-4,35.0,0.0030101417934427564,0.006165129686714047,35.0,0.06320967182368223,0.531553595972034,0.03786514934785218,
0.16593807698087595,2.570034864132873E-4,35.0,0.0031649820272701312,0.005992855301573769,35.0,0.06322806118928492,0.47836583499294916,0.03430814812093132,
0.1611196556454139,2.9905890930366285E-4,35.0,0.0031744156961281533,0.0060321032301193225,35.0,0.07257843206830107,0.5285960925039335,0.03495017400650356,
0.1611196556454139,2.9905890930366285E-4,35.0,0.0031744156961281533,0.0060321032301193225,35.0,0.07257843206830107,0.5285960925039335,0.03495017400650356,
0.1744295314602134,2.9236623882598195E-4,35.0,0.003243640429686706,0.0059204547506935875,35.0,0.06481308767444284,0.5999509277745115,0.046426549969223435,
0.16793145069805382,2.78743226453353E-4,35.0,0.003005858844411266,0.00579298741559109,35.0,0.05855223008818402,0.4869937828816163,0.04066868294756901,
0.15589320072332552,2.820544881756145E-4,35.0,0.0031317381600865554,0.0055546296337016885,35.0,0.05799689846117257,0.45881748702362485,0.048991967002471916,
0.18680253860116966,3.3845965899580676E-4,35.0,0.00285092967696188,0.006152431447706429,35.0,0.05088841802314005,0.45687461328707046,0.04855271342082785,
0.19900961711353618,2.9094677559011583E-4,35.0,0.002577168651674165,0.006257628068703893,35.0,0.05538709808671751,0.38819108184829565,0.05130433687901375,
0.19900961711353618,2.9094677559011583E-4,35.0,0.002577168651674165,0.006257628068703893,35.0,0.05538709808671751,0.38819108184829565,0.05130433687901375,
0.19660417108042824,2.5432435164002726E-4,35.0,0.0022321871698070036,0.006413447093219533,35.0,0.045849910536732964,0.43872510136925297,0.05982946833181981,
0.18908983776706237,2.511260567660105E-4,35.0,0.0021888140071266056,0.006208911424165811,35.0,0.04582198481835283,0.493142542772177,0.044038221098102286,
0.18908983776706237,2.511260567660105E-4,35.0,0.0021888140071266056,0.006208911424165811,35.0,0.04582198481835283,0.493142542772177,0.044038221098102286,
0.1782959401215879,2.246326367802341E-4,35.0,0.0023848703011268165,0.006419121973680072,35.0,0.040578557393390176,0.5267359809081816,0.042799577813622126,
0.19908201239227827,2.093996719981116E-4,35.0,0.0021468391339622174,0.00556824491629125,35.0,0.04381580243687969,0.4583695951450473,0.049872236680343865,
0.18000174611246134,2.222658065924889E-4,35.0,0.002702754137830944,0.005049886390666781,35.0,0.05364335880623845,0.4705809169453873,0.050263328446186355,
0.18851806984423528,2.4447474688613254E-4,35.0,0.002589043769870252,0.004956511971670429,35.0,0.052700593944254664,0.44935221319836927,0.0492040522080151,
0.17713143685299323,2.6722208899466874E-4,35.0,0.0027326714288554927,0.004595304994688339,35.0,0.056889516549462685,0.43919928431126903,0.05255540522658337,
0.17713143685299323,2.6722208899466874E-4,35.0,0.0027326714288554927,0.004595304994688339,35.0,0.056889516549462685,0.43919928431126903,0.05255540522658337,
0.1523940050733005,2.430776040217952E-4,35.0,0.0029312082073891968,0.0055680962602132076,35.0,0.053270148292377834,0.36098525719521957,0.03628870204929195,
0.15664393139049648,2.3801964258763053E-4,35.0,0.0025699401419526265,0.005719970625487836,35.0,0.05882436732405836,0.41132071300439366,0.037848756384952,
0.16731131903615287,2.4911593189739237E-4,35.0,0.0026159122235049777,0.005907571240581003,35.0,0.061991902237015895,0.4388457504921833,0.03171321512754937,
0.17503887178314065,2.8971990434403696E-4,35.0,0.0031432025247355847,0.005895991536593,35.0,0.05863340936262274,0.4719286196763544,0.03402113155105006,
0.17503887178314065,2.8971990434403696E-4,35.0,0.0031432025247355847,0.005895991536593,35.0,0.05863340936262274,0.4719286196763544,0.03402113155105006,
0.15819612965860422,2.884383827394776E-4,35.0,0.00320296767218744,0.0058866175081595876,35.0,0.05310836580931951,0.536866797288035,0.03325049780030368,
0.16373100522753553,2.5229250204361235E-4,35.0,0.0027086037931961836,0.005466383637712,35.0,0.056456154822474056,0.5322855944595684,0.042823795398648286,
0.17434944380707487,2.3252116077098937E-4,35.0,0.002728223754440257,0.00527852276359763,35.0,0.04682373501338427,0.4298164807986306,0.046666153803929335,
0.17434944380707487,2.3252116077098937E-4,35.0,0.002728223754440257,0.00527852276359763,35.0,0.04682373501338427,0.4298164807986306,0.046666153803929335,
0.17434944380707487,2.3252116077098937E-4,35.0,0.002728223754440257,0.00527852276359763,35.0,0.04682373501338427,0.4298164807986306,0.046666153803929335,
0.1656382780083393,2.6194399767329976E-4,35.0,0.0025338616593635166,0.005532304039786843,35.0,0.05083196357025906,0.42669898083359425,0.04051934139626844,
0.1840191725633846,2.2917247655125078E-4,35.0,0.002660473465246058,0.005184189203544737,35.0,0.04706805158371899,0.4206329895549474,0.041240875604985745,
0.2029060006329762,2.006000113297007E-4,35.0,0.0025165276502748268,0.0049133204734718924,35.0,0.0463296245653577,0.4869010311260537,0.04419381542162456,
0.2029060006329762,2.006000113297007E-4,35.0,0.0025165276502748268,0.0049133204734718924,35.0,0.0463296245653577,0.4869010311260537,0.04419381542162456,
0.19417754781327018,2.5253611372258103E-4,35.0,0.0022920701252825927,0.005495928851576313,35.0,0.04085147342020203,0.44262129676060485,0.040666844277636095,
0.18445406375871826,2.2790139071122382E-4,35.0,0.002058664877736179,0.0047354658044937836,35.0,0.043373877502677204,0.4831778257845076,0.04600330519216442,
0.17074713032411357,2.8511862952711116E-4,35.0,0.0026026697825218908,0.005895056949519465,35.0,0.04190500771641593,0.4215701962010347,0.03883601686994007,
0.18435235165423924,3.2155029219385064E-4,35.0,0.0019516919876199806,0.0060070244737315615,35.0,0.04247392030007228,0.4204321546040061,0.036270375701869806,
0.14075150590641472,2.965364617860323E-4,35.0,0.0026709374954904334,0.0064216466247288715,35.0,0.052947962126530405,0.3716664532523148,0.03221396600947396,
0.15402102691040082,2.7964365794656154E-4,35.0,0.0028298058636853202,0.007365390508402405,35.0,0.05581654047714348,0.40963333859021356,0.03194206384114876,
0.15402102691040082,2.7964365794656154E-4,35.0,0.0028298058636853202,0.007365390508402405,35.0,0.05581654047714348,0.40963333859021356,0.03194206384114876,
0.15402102691040082,2.7964365794656154E-4,35.0,0.0028298058636853202,0.007365390508402405,35.0,0.05581654047714348,0.40963333859021356,0.03194206384114876,
0.15402102691040082,2.7964365794656154E-4,35.0,0.0028298058636853202,0.007365390508402405,35.0,0.05581654047714348,0.40963333859021356,0.03194206384114876,
0.15402102691040082,2.7964365794656154E-4,35.0,0.0028298058636853202,0.007365390508402405,35.0,0.05581654047714348,0.40963333859021356,0.03194206384114876,
0.15402102691040082,2.7964365794656154E-4,35.0,0.0028298058636853202,0.007365390508402405,35.0,0.05581654047714348,0.40963333859021356,0.03194206384114876,
0.15402102691040082,2.7964365794656154E-4,35.0,0.0028298058636853202,0.007365390508402405,35.0,0.05581654047714348,0.40963333859021356,0.03194206384114876,
0.15402102691040082,2.7964365794656154E-4,35.0,0.0028298058636853202,0.007365390508402405,35.0,0.05581654047714348,0.40963333859021356,0.03194206384114876,
0.15402102691040082,2.7964365794656154E-4,35.0,0.0028298058636853202,0.007365390508402405,35.0,0.05581654047714348,0.40963333859021356,0.03194206384114876,
0.15402102691040082,2.7964365794656154E-4,35.0,0.0028298058636853202,0.007365390508402405,35.0,0.05581654047714348,0.40963333859021356,0.03194206384114876,
0.15402102691040082,2.7964365794656154E-4,35.0,0.0028298058636853202,0.007365390508402405,35.0,0.05581654047714348,0.40963333859021356,0.03194206384114876,
0.14957741713827838,3.0710945617421853E-4,35.0,0.0027991050799364,0.007444725727383357,35.0,0.05996260955564869,0.429927172378161,0.041243295222034605,
0.16808132647489651,2.929513669705006E-4,35.0,0.0028744171164819645,0.0068315397520866735,35.0,0.05859416544528159,0.4179417354733662,0.04260875092008729,
0.17893155720899862,2.9026743329854193E-4,35.0,0.002981727751734055,0.006046456615660108,35.0,0.05461448386969509,0.474429064966238,0.045706349486133134,
0.20866743594580495,2.0024603082463942E-4,35.0,0.002800045501895905,0.006021666850125841,35.0,0.05878139595531057,0.5240470863356638,0.04472977612585886,
0.17704058897762265,2.1577526662107225E-4,35.0,0.0028913931984945658,0.005395791760381419,35.0,0.057700657783869146,0.4646174511710909,0.051268079331581444,
0.15682466775690354,2.03602419456767E-4,35.0,0.002433799741305824,0.005535968581651345,35.0,0.052553966732508756,0.4505979146100574,0.04951798519319886,
0.15682466775690354,2.03602419456767E-4,35.0,0.002433799741305824,0.005535968581651345,35.0,0.052553966732508756,0.4505979146100574,0.04951798519319886,
0.1564318252259805,2.31130561764877E-4,35.0,0.002819729900870419,0.005864001382594076,35.0,0.06132601008451034,0.511984933074127,0.047302253710243415,
0.14992935968808305,2.6734163914070975E-4,35.0,0.0026943431003814827,0.006551009512601523,35.0,0.05354953037269286,0.519735058398084,0.037488536985141464,
0.15117470811655806,2.422122891696858E-4,35.0,0.002246506782447715,0.006053981361778307,35.0,0.04965895590091448,0.5189825037666171,0.03342027227918536,
0.1501661714034917,2.3570044516753474E-4,35.0,0.0020549698120316813,0.005795463509944052,35.0,0.044917509278231134,0.45165141958734684,0.028298522317750527,
0.18119536418912693,2.6145987171461094E-4,35.0,0.002280816869116228,0.00598676141418946,35.0,0.044484362850106755,0.42130028543053055,0.02384526697046472,
0.19999834405046152,3.0044257942339945E-4,35.0,0.002423119894627844,0.005963397349575095,35.0,0.046514326559623134,0.3821298936137907,0.022850293078396353,
0.19999834405046152,3.0044257942339945E-4,35.0,0.002423119894627844,0.005963397349575095,35.0,0.046514326559623134,0.3821298936137907,0.022850293078396353,
0.19426504355388166,3.0317611096675315E-4,35.0,0.0023488995442281432,0.006074610943962902,35.0,0.05114841389315073,0.3825641815535211,0.021241849990769127,
0.20324634732797356,2.6833780506043173E-4,35.0,0.0022605076567024616,0.005563932037904415,35.0,0.05355012514574126,0.36581335174290175,0.021987955239987547,
0.16462002363177455,2.2961664981906816E-4,35.0,0.002439169057259254,0.005219576793472799,35.0,0.04162921461069584,0.3939451428026461,0.02662918958715563,
0.16354448919463618,1.8465494711441513E-4,35.0,0.002246153429654854,0.005842694538136943,35.0,0.04596481997161132,0.4092093614479275,0.029094653370851264,
0.17001388010070057,2.3013628652615041E-4,35.0,0.0030168782081237463,0.005684562686745602,35.0,0.05286424365236575,0.3212439296085047,0.025742916124841902,
0.18489704875537086,2.1410555717598802E-4,35.0,0.0027406044013503095,0.005688257136357848,35.0,0.049846534509255296,0.32272732429820294,0.027684998755033035,
0.15948894857436333,2.2441540224674053E-4,35.0,0.002971807951755256,0.005568066892771884,35.0,0.05850140655510384,0.3830915093444595,0.02679638634694394,
0.15948894857436333,2.2441540224674053E-4,35.0,0.002971807951755256,0.005568066892771884,35.0,0.05850140655510384,0.3830915093444595,0.02679638634694394,
0.14184681049479309,2.138681911761299E-4,35.0,0.002823128545632988,0.005958281061335072,35.0,0.06148757856939083,0.42709034375516086,0.03421817012960414,
0.1796249259107361,1.8405312786741413E-4,35.0,0.0025536002000578714,0.005878388705466321,35.0,0.056020170913670744,0.555146324653979,0.042641952737589764,
0.18786756500376856,1.968883108837793E-4,35.0,0.0026543727468978694,0.006452279148530317,35.0,0.04973787396899045,0.4663684313529324,0.04216418208059699,
0.18258172229666003,1.7592283090923195E-4,35.0,0.002765591555614717,0.006662265199225778,35.0,0.05525220697432354,0.4853635673885209,0.050524212602213195,
0.18258172229666003,1.7592283090923195E-4,35.0,0.002765591555614717,0.006662265199225778,35.0,0.05525220697432354,0.4853635673885209,0.050524212602213195,
0.1668949941956101,1.8688291890205582E-4,35.0,0.0028261051718598013,0.006120737688165871,35.0,0.05850295230051735,0.4304680895086635,0.035415556422201504,
0.1938889745530295,1.6354577411218204E-4,35.0,0.002831343972904687,0.005936342591990479,35.0,0.05430990912455272,0.47914170158954794,0.03950652805139964,
0.19238139179038272,1.494381229585362E-4,35.0,0.002818960408524017,0.00573591438165269,35.0,0.05665101849742758,0.4781005139601916,0.04344062360660431,
0.18421518820935237,1.658990728573183E-4,35.0,0.0029401355423762016,0.005494481843557305,35.0,0.05536857791592279,0.45253857469926095,0.03817321588264913,
0.18421518820935237,1.658990728573183E-4,35.0,0.0029401355423762016,0.005494481843557305,35.0,0.05536857791592279,0.45253857469926095,0.03817321588264913,
0.16821185554612036,1.7120460329721348E-4,35.0,0.00259478247980532,0.005590678170973865,35.0,0.05402463931575056,0.45797769613238265,0.03890657209099753,
0.18251735983879522,1.9611753758218807E-4,35.0,0.002775834968729611,0.006289630877490248,35.0,0.059871990380555,0.4692559547311181,0.04014625513269569,
0.18251735983879522,1.9611753758218807E-4,35.0,0.002775834968729611,0.006289630877490248,35.0,0.059871990380555,0.4692559547311181,0.04014625513269569,
0.1770396986551604,1.803426829518082E-4,35.0,0.002820623021334326,0.005906123114406374,35.0,0.06255385514153439,0.5592054312902593,0.03910160541776682,
0.1770396986551604,1.803426829518082E-4,35.0,0.002820623021334326,0.005906123114406374,35.0,0.06255385514153439,0.5592054312902593,0.03910160541776682,
0.1770396986551604,1.803426829518082E-4,35.0,0.002820623021334326,0.005906123114406374,35.0,0.06255385514153439,0.5592054312902593,0.03910160541776682,
0.1770396986551604,1.803426829518082E-4,35.0,0.002820623021334326,0.005906123114406374,35.0,0.06255385514153439,0.5592054312902593,0.03910160541776682,
0.17015237218596024,1.8238962687755494E-4,35.0,0.002760069977346894,0.006241472975737285,35.0,0.05931381353884645,0.4762325703837019,0.041516312902175986,
0.18273576496501096,2.0297687124344756E-4,35.0,0.0030592562967822336,0.00629299420980751,35.0,0.06244359236857332,0.49659300493975417,0.045473820335884124,
0.18767267840245574,1.8962807665012793E-4,35.0,0.002974813057700091,0.006434981324847421,35.0,0.054696884047109116,0.4553375779309132,0.04720097439291094,
0.18767267840245574,1.8962807665012793E-4,35.0,0.002974813057700091,0.006434981324847421,35.0,0.054696884047109116,0.4553375779309132,0.04720097439291094,
0.1595416481913042,2.222185799111151E-4,35.0,0.0030303777977498322,0.00609375252856738,35.0,0.051434158717165925,0.43919948495902983,0.04818867994221207,
0.1595416481913042,2.222185799111151E-4,35.0,0.0030303777977498322,0.00609375252856738,35.0,0.051434158717165925,0.43919948495902983,0.04818867994221207,
0.15715600094782248,2.0877370126033175E-4,35.0,0.0027061616636705533,0.005743044863805182,35.0,0.055783462641287,0.41387600910486777,0.03945255819092843,
0.1874991109840307,2.3549699140874915E-4,35.0,0.002861142068365825,0.006471163268047394,35.0,0.05939184124628493,0.4230677159409331,0.038341055641095204,
0.1874694261959868,2.575107638109522E-4,35.0,0.002983041086781235,0.0058171704372805486,35.0,0.049016626159464845,0.4455928533037109,0.03833765757064414,
0.18260222215969285,3.0826666988930697E-4,35.0,0.0026815748286635327,0.006264966646077144,35.0,0.049395932377143244,0.4095748800384222,0.042290181471618,
0.15763683123240238,2.6045086038296953E-4,35.0,0.003048351549380715,0.005930451582474091,35.0,0.06105051636528237,0.4048945370557786,0.03702290467564664,
0.15763683123240238,2.6045086038296953E-4,35.0,0.003048351549380715,0.005930451582474091,35.0,0.06105051636528237,0.4048945370557786,0.03702290467564664,
0.15763683123240238,2.6045086038296953E-4,35.0,0.003048351549380715,0.005930451582474091,35.0,0.06105051636528237,0.4048945370557786,0.03702290467564664,
0.15763683123240238,2.6045086038296953E-4,35.0,0.003048351549380715,0.005930451582474091,35.0,0.06105051636528237,0.4048945370557786,0.03702290467564664,
0.15763683123240238,2.6045086038296953E-4,35.0,0.003048351549380715,0.005930451582474091,35.0,0.06105051636528237,0.4048945370557786,0.03702290467564664,
0.15763683123240238,2.6045086038296953E-4,35.0,0.003048351549380715,0.005930451582474091,35.0,0.06105051636528237,0.4048945370557786,0.03702290467564664,
0.15763683123240238,2.6045086038296953E-4,35.0,0.003048351549380715,0.005930451582474091,35.0,0.06105051636528237,0.4048945370557786,0.03702290467564664,
0.15763683123240238,2.6045086038296953E-4,35.0,0.003048351549380715,0.005930451582474091,35.0,0.06105051636528237,0.4048945370557786,0.03702290467564664,
0.15763683123240238,2.6045086038296953E-4,35.0,0.003048351549380715,0.005930451582474091,35.0,0.06105051636528237,0.4048945370557786,0.03702290467564664,
0.15763683123240238,2.6045086038296953E-4,35.0,0.003048351549380715,0.005930451582474091,35.0,0.06105051636528237,0.4048945370557786,0.03702290467564664,
0.1761958935774255,2.6124673161687854E-4,35.0,0.003163857267588602,0.006374228747485259,35.0,0.06152653033229032,0.44470586169780996,0.036399485934659324,
0.18294952621469163,3.12888348629222E-4,35.0,0.002841827780978243,0.005501096723789745,35.0,0.05542279507773676,0.4649890549732401,0.03574538944896934,
0.17399258252256145,2.5617242731344053E-4,35.0,0.002687074309196937,0.0054742205126055024,35.0,0.0552916017818605,0.4203196622827645,0.03603862139013531,
0.17946912613980667,2.29508882808168E-4,35.0,0.0024733569386297715,0.005609328884826143,35.0,0.04977525086479055,0.40369531698889544,0.0443048653980008,
0.17518550272081063,2.5772976847056794E-4,35.0,0.0024900244200008097,0.005945192068992682,35.0,0.05612941127486336,0.4000365700427113,0.05207062079529587,
0.1856004576234044,2.319811951786408E-4,35.0,0.0026591912974258387,0.006415938440692385,35.0,0.05536364663156767,0.3973118916169503,0.04346883177519159,
0.15790055512896634,2.00937238101483E-4,35.0,0.002688049578127748,0.006380635887626859,35.0,0.05330115188458144,0.4184475887789754,0.04247285693553372,
0.14792002507338842,2.0578096104887598E-4,35.0,0.0027038766904096665,0.006063723437770801,35.0,0.04854150994851084,0.3706633635794053,0.0375844885734846,
0.16635532574504067,1.758969641658569E-4,35.0,0.0028128096049362247,0.00637476143515769,35.0,0.047764815091659855,0.4020148290314695,0.03904776233359155,
0.16061623543280149,1.695404305864528E-4,35.0,0.0030156164229194365,0.006610888578985957,35.0,0.054355558316993395,0.383592461563418,0.03764412615772258,
0.1643999928374599,1.925456463015392E-4,35.0,0.0027109102214336197,0.0064137367226723705,35.0,0.051793389596707026,0.2660512833308363,0.03545998901908751,
0.1787198434965409,2.0623139155965774E-4,35.0,0.0027177512795411255,0.005891569837717587,35.0,0.05542110564963815,0.28208216921206314,0.040270405341360435,
0.16777641609736257,1.7744240790810623E-4,35.0,0.0029289662087175466,0.0063574451467211775,35.0,0.05512004396012352,0.23052505986544583,0.04438562355507999,
0.16777641609736257,1.7744240790810623E-4,35.0,0.0029289662087175466,0.0063574451467211775,35.0,0.05512004396012352,0.23052505986544583,0.04438562355507999,
0.16777641609736257,1.7744240790810623E-4,35.0,0.0029289662087175466,0.0063574451467211775,35.0,0.05512004396012352,0.23052505986544583,0.04438562355507999,
0.179907473927325,1.8820235749940643E-4,35.0,0.0024993147625689905,0.006716649641029323,35.0,0.052578832786345765,0.2328869829195028,0.046164691137267434,
0.178532030375589,1.717505791560309E-4,35.0,0.002328011089869813,0.006251759518254175,35.0,0.05297694470847546,0.26317032224511316,0.04368207638787951,
0.17520264730286597,1.5162574957761852E-4,35.0,0.0024267394118971295,0.006594329962383138,35.0,0.04962333726274314,0.2829600915122045,0.04975174954456966,
0.17142400327153987,1.5359959498065104E-4,35.0,0.0026412869942422524,0.005692239664284983,35.0,0.04990262671086226,0.2653074645198466,0.046209163748810685,
0.17142400327153987,1.5359959498065104E-4,35.0,0.0026412869942422524,0.005692239664284983,35.0,0.04990262671086226,0.2653074645198466,0.046209163748810685,
0.17142400327153987,1.5359959498065104E-4,35.0,0.0026412869942422524,0.005692239664284983,35.0,0.04990262671086226,0.2653074645198466,0.046209163748810685,
0.17142400327153987,1.5359959498065104E-4,35.0,0.0026412869942422524,0.005692239664284983,35.0,0.04990262671086226,0.2653074645198466,0.046209163748810685,
0.17142400327153987,1.5359959498065104E-4,35.0,0.0026412869942422524,0.005692239664284983,35.0,0.04990262671086226,0.2653074645198466,0.046209163748810685,
0.17142400327153987,1.5359959498065104E-4,35.0,0.0026412869942422524,0.005692239664284983,35.0,0.04990262671086226,0.2653074645198466,0.046209163748810685,
0.17482666301178257,1.6109854230709315E-4,35.0,0.002507089092599693,0.005515979956920559,35.0,0.0489445965645765,0.2850804323412271,0.04250201624447268,
0.17482666301178257,1.6109854230709315E-4,35.0,0.002507089092599693,0.005515979956920559,35.0,0.0489445965645765,0.2850804323412271,0.04250201624447268,
0.16235958156341068,1.6468692534298088E-4,35.0,0.0025954312674841768,0.0062670503441613,35.0,0.05558633113357339,0.3137749248295391,0.037993251398315504,
0.16235958156341068,1.6468692534298088E-4,35.0,0.0025954312674841768,0.0062670503441613,35.0,0.05558633113357339,0.3137749248295391,0.037993251398315504,
0.16235958156341068,1.6468692534298088E-4,35.0,0.0025954312674841768,0.0062670503441613,35.0,0.05558633113357339,0.3137749248295391,0.037993251398315504,
0.16235958156341068,1.6468692534298088E-4,35.0,0.0025954312674841768,0.0062670503441613,35.0,0.05558633113357339,0.3137749248295391,0.037993251398315504,
0.16235958156341068,1.6468692534298088E-4,35.0,0.0025954312674841768,0.0062670503441613,35.0,0.05558633113357339,0.3137749248295391,0.037993251398315504,
0.16235958156341068,1.6468692534298088E-4,35.0,0.0025954312674841768,0.0062670503441613,35.0,0.05558633113357339,0.3137749248295391,0.037993251398315504,
0.18012128952774628,1.671610000795695E-4,35.0,0.0027250433418179116,0.006085922482689816,35.0,0.05735170465168609,0.3250563185542124,0.03346963784839927,
0.1763108202484898,2.0204561173732687E-4,35.0,0.002818507466617972,0.005295260434419596,35.0,0.05582863523978286,0.3702496136057663,0.03207790081741492,
0.17614264828117565,2.0184592624135754E-4,35.0,0.002428138918521375,0.0059324332187203265,35.0,0.050149580130089674,0.3813153392540505,0.04567196638620186,
0.19852814067148022,1.9172545925007358E-4,35.0,0.0024028159618113176,0.005272890594841562,35.0,0.05203266183285199,0.38325935029572616,0.04653669875832604,
0.18102428629511044,1.8586082053128483E-4,35.0,0.0023551792432681407,0.005801484605298617,35.0,0.050964937173622604,0.38411174455585867,0.04606062209758534,
0.170643417202336,2.0812599764468852E-4,35.0,0.0023744178404326967,0.005958501925511441,35.0,0.06223046248599587,0.35417722699382176,0.045068259380712405,
0.18402056916648718,1.683947190180181E-4,35.0,0.002549079989643759,0.00573264505969319,35.0,0.054069031023861985,0.43901244442291165,0.04694216328131562,
0.180522195402902,2.1640255111707342E-4,35.0,0.002553403361875825,0.0055004110591264,35.0,0.05780231382390803,0.40392826316619446,0.05215564098425958,
0.18233031139701708,2.8548929541865795E-4,35.0,0.002667597966084701,0.0052870351919921035,35.0,0.047468810770905354,0.4193147554183845,0.04005317390095267,
0.18453058777001138,2.406242268152795E-4,35.0,0.002476940896645991,0.005965336633037405,35.0,0.05389156138393554,0.3261584459570801,0.033536128659925356,
0.17720514852378155,2.480680317330046E-4,35.0,0.0024379911252344795,0.0061945058376395605,35.0,0.04467359070214587,0.36906265085044815,0.03925920728135087,
0.19198237930310244,2.661663497707374E-4,35.0,0.0022550935891978803,0.0056821844166200985,35.0,0.04658372969204556,0.45888918091554576,0.04005640141484058,
0.1871349330660191,2.56829454198325E-4,35.0,0.002201358960268313,0.005942261789397655,35.0,0.04530105781775059,0.4639876641509772,0.040992754281285626,
0.17530704788120102,2.53856251919575E-4,35.0,0.0024645256297565364,0.006549019344022397,35.0,0.043477719870755986,0.38449247752732396,0.0412310108240458,
0.17081173688132986,2.4908818013470745E-4,35.0,0.0024024043503806723,0.006000992150581966,35.0,0.04343398559580837,0.38668142495483515,0.0480086770169852,
0.18435273129457772,2.1239052928585878E-4,35.0,0.0023287026050491095,0.005736673536454276,35.0,0.04133969562604544,0.390617248838505,0.05049640709914652,
0.17179333839886016,1.6604153301300905E-4,35.0,0.0018741177562868634,0.005783656729252046,35.0,0.043891386904715564,0.37980828982627185,0.04028995694207402,
0.16983927066753787,1.7145160060657186E-4,35.0,0.0021222841556341808,0.00606924488463189,35.0,0.044500560261335816,0.25848728546957633,0.034184801243496384,
0.16983927066753787,1.7145160060657186E-4,35.0,0.0021222841556341808,0.00606924488463189,35.0,0.044500560261335816,0.25848728546957633,0.034184801243496384,
0.16983927066753787,1.7145160060657186E-4,35.0,0.0021222841556341808,0.00606924488463189,35.0,0.044500560261335816,0.25848728546957633,0.034184801243496384,
0.16983927066753787,1.7145160060657186E-4,35.0,0.0021222841556341808,0.00606924488463189,35.0,0.044500560261335816,0.25848728546957633,0.034184801243496384,
0.1623409988836628,1.9505536266026932E-4,35.0,0.002626255209046379,0.006004299620589343,35.0,0.04124795943821332,0.2559888137485452,0.04020644290602536,
0.1806916746803553,2.0426081775060177E-4,35.0,0.002276191545342652,0.005482827339148511,35.0,0.0432893767134804,0.23763001643935913,0.04263383519910309,
0.1781431950366515,2.0102752637656947E-4,35.0,0.002266599407458859,0.005569555074321676,35.0,0.041526907249283346,0.2309319755733493,0.04298920796825783,
0.16674590894712446,2.1801263350259818E-4,35.0,0.0024909472989837677,0.005328117577042281,35.0,0.04757734367907775,0.2788003877736911,0.04452129452181547,
0.16674590894712446,2.1801263350259818E-4,35.0,0.0024909472989837677,0.005328117577042281,35.0,0.04757734367907775,0.2788003877736911,0.04452129452181547,
0.15957894136934658,2.2270673733756476E-4,35.0,0.0025486615813454135,0.006348759217263409,35.0,0.04914290642127493,0.27661202864408313,0.04375281391242069,
0.15452792216260766,2.0495767962343904E-4,35.0,0.002560417739345933,0.006731761437883345,35.0,0.04607056646211884,0.28563939875055966,0.03909782771203465,
0.17560930504330244,2.5801297615929495E-4,35.0,0.0020675278728913456,0.0062383884891391555,35.0,0.047846761900936334,0.24547446870279302,0.03392315640966028,
0.16737440081146535,2.4527079638463506E-4,35.0,0.0021639408703219183,0.0067323438166678445,35.0,0.04323290246641772,0.2455774059600825,0.03491676440994771,
0.16714051696024881,2.1658698512434083E-4,35.0,0.0022057050587856964,0.006926540204672195,35.0,0.047286398634375185,0.2504482887801818,0.037664269469836975,
0.15909551223770493,2.0264335637256703E-4,35.0,0.002099761523381494,0.0075095793491409485,35.0,0.04867174956089918,0.28078470935417316,0.03923996260500215,
0.17803212279609076,1.6421392438790302E-4,35.0,0.0020931722207323086,0.005903555145044243,35.0,0.03879192758321417,0.27223950780622647,0.04831189899230218,
0.17803212279609076,1.6421392438790302E-4,35.0,0.0020931722207323086,0.005903555145044243,35.0,0.03879192758321417,0.27223950780622647,0.04831189899230218,
0.18520448903925085,1.8198223722607659E-4,35.0,0.0025207479158810657,0.005916561642673402,35.0,0.043874006281297076,0.28994450891285894,0.04807653593844217,
0.19728534204186024,1.9461851549830612E-4,35.0,0.00263771192707697,0.004939701243208404,35.0,0.05145911159234175,0.2868119425591214,0.044668137673436595,
0.19206245575305472,1.8324171426763902E-4,35.0,0.0025749494871636124,0.005035022100120468,35.0,0.05430791806091568,0.3183697543422592,0.04573310638544104,
0.1598304515669034,1.897625945900255E-4,35.0,0.002781878780719581,0.005949758083090754,35.0,0.05668412379471083,0.3577040429956047,0.042682386450913816,
0.17365382194246015,1.8271695189161835E-4,35.0,0.0028146600518039223,0.005559532663555296,35.0,0.049176940631630306,0.33256488144000335,0.04613988076222772,
0.17365382194246015,1.8271695189161835E-4,35.0,0.0028146600518039223,0.005559532663555296,35.0,0.049176940631630306,0.33256488144000335,0.04613988076222772,
0.17365382194246015,1.8271695189161835E-4,35.0,0.0028146600518039223,0.005559532663555296,35.0,0.049176940631630306,0.33256488144000335,0.04613988076222772,
0.17811946653416702,2.1646685076071422E-4,35.0,0.002567150501677811,0.006022800182670321,35.0,0.05366083467964673,0.31012660654044016,0.04548685896848048,
0.1649111039434153,2.351729955578654E-4,35.0,0.0026695164990434956,0.005605950750827457,35.0,0.043772273676121264,0.2789686762507495,0.05103179453913077,
0.1649111039434153,2.351729955578654E-4,35.0,0.0026695164990434956,0.005605950750827457,35.0,0.043772273676121264,0.2789686762507495,0.05103179453913077,
0.1649111039434153,2.351729955578654E-4,35.0,0.0026695164990434956,0.005605950750827457,35.0,0.043772273676121264,0.2789686762507495,0.05103179453913077,
0.1722592138667846,2.3080548293496144E-4,35.0,0.0025365546468327895,0.005631032514184133,35.0,0.052083532051883756,0.214984615174207,0.046918158538093196,
0.1544536123741414,2.175340235261792E-4,35.0,0.002719407411106215,0.006226868663531422,35.0,0.05547356101340817,0.20160587042642722,0.04141258919522414,
0.16985381514908318,2.429615190888939E-4,35.0,0.003002533982874718,0.00578331605744518,35.0,0.06121874479489303,0.1793381260270753,0.04149011020721395,
0.15076036140444285,2.1172317210335477E-4,35.0,0.00300559913457153,0.006202224276083406,35.0,0.067743245467388,0.1625917216081493,0.03401919773988141,
0.15076036140444285,2.1172317210335477E-4,35.0,0.00300559913457153,0.006202224276083406,35.0,0.067743245467388,0.1625917216081493,0.03401919773988141,
0.15076036140444285,2.1172317210335477E-4,35.0,0.00300559913457153,0.006202224276083406,35.0,0.067743245467388,0.1625917216081493,0.03401919773988141,
0.17485654393005212,2.1342169150529464E-4,35.0,0.002683924999092546,0.005765638758859767,35.0,0.0662243161567294,0.19012868663819574,0.03358171247790797,
0.17485654393005212,2.1342169150529464E-4,35.0,0.002683924999092546,0.005765638758859767,35.0,0.0662243161567294,0.19012868663819574,0.03358171247790797,
0.16097715104158422,1.6470064794909967E-4,35.0,0.003173275818383126,0.006722706666267979,35.0,0.06988629041230385,0.21079662029042054,0.0369485486007718,
0.14535876899998762,1.667135598206711E-4,35.0,0.003280246363308435,0.007097148654623069,35.0,0.060775214834449316,0.18252323911896912,0.03771663900804687,
0.16905886107478763,1.7724817447670196E-4,35.0,0.0024606711247831077,0.006295613934729779,35.0,0.06508027529330228,0.21528094625632652,0.04029488870186845,
0.16647843358638797,1.848418984892979E-4,35.0,0.0033542236105153595,0.005497894061665026,35.0,0.06218838400687442,0.27890101003212536,0.030521523504351944,
0.1551275785752371,1.9852405693215444E-4,35.0,0.0029150233056496992,0.006179565084011834,35.0,0.06540472477455804,0.2767967444102428,0.023192362424284917,
0.1551275785752371,1.9852405693215444E-4,35.0,0.0029150233056496992,0.006179565084011834,35.0,0.06540472477455804,0.2767967444102428,0.023192362424284917,
0.1551275785752371,1.9852405693215444E-4,35.0,0.0029150233056496992,0.006179565084011834,35.0,0.06540472477455804,0.2767967444102428,0.023192362424284917,
0.1551275785752371,1.9852405693215444E-4,35.0,0.0029150233056496992,0.006179565084011834,35.0,0.06540472477455804,0.2767967444102428,0.023192362424284917,
0.1551275785752371,1.9852405693215444E-4,35.0,0.0029150233056496992,0.006179565084011834,35.0,0.06540472477455804,0.2767967444102428,0.023192362424284917,
0.1551275785752371,1.9852405693215444E-4,35.0,0.0029150233056496992,0.006179565084011834,35.0,0.06540472477455804,0.2767967444102428,0.023192362424284917,
0.1551275785752371,1.9852405693215444E-4,35.0,0.0029150233056496992,0.006179565084011834,35.0,0.06540472477455804,0.2767967444102428,0.023192362424284917,
0.1551275785752371,1.9852405693215444E-4,35.0,0.0029150233056496992,0.006179565084011834,35.0,0.06540472477455804,0.2767967444102428,0.023192362424284917,
0.1551275785752371,1.9852405693215444E-4,35.0,0.0029150233056496992,0.006179565084011834,35.0,0.06540472477455804,0.2767967444102428,0.023192362424284917,
0.17106885912060446,2.1974432148223703E-4,35.0,0.003277437339891381,0.006563983788834425,35.0,0.06344639575838963,0.2951057167636675,0.028829111866843237,
0.17032818765499247,2.433096008687095E-4,35.0,0.00315703373200173,0.005843969224227655,35.0,0.06271510120363463,0.2982174501187195,0.02711422959224231,
0.19247889924855993,2.440469214870722E-4,35.0,0.0028738846012082053,0.006257508709842496,35.0,0.06035698769711988,0.2667114984973646,0.04029687890290784,
0.17561036373667815,2.8678227164889226E-4,35.0,0.0027590502368964676,0.00628699377711777,35.0,0.05747271925337723,0.3385850350763782,0.03717469269575857,
0.1948785924748662,2.7936006588269885E-4,35.0,0.003231923246241289,0.006182814155506135,35.0,0.061365445543912225,0.3047687231671906,0.0308777600758524,
0.17816553139915656,2.686157216502543E-4,35.0,0.002973334572847141,0.0070540765282277994,35.0,0.05762712805415812,0.2740019437709213,0.029324458046281896,
0.1583143695557166,2.2146415739558506E-4,35.0,0.0028860895819314354,0.006200411837032431,35.0,0.0635579398502142,0.24400447670007078,0.026336206114452625,
0.16118987289078604,2.158477354987882E-4,35.0,0.0031079289660146457,0.0063899853374768155,35.0,0.06211284230537393,0.2947130888581464,0.029280140806621613,
0.17165480710879602,3.001768963134345E-4,35.0,0.0034021387624418565,0.006449894619892185,35.0,0.052101468759297796,0.2663281167790925,0.030372546206056176,
0.17069147132113463,3.3840680396527844E-4,35.0,0.0036794274210166125,0.0065814460256756035,35.0,0.0629258794647108,0.28333356088359013,0.03557014152699143,
0.16418483135264766,3.267343276987417E-4,35.0,0.00319622290352526,0.007031148352002242,35.0,0.06298358376825854,0.2998132313637207,0.043555868860199645,
0.15505713673079002,3.273860941844084E-4,35.0,0.002979159641927846,0.00717508487790782,35.0,0.06132227099971236,0.37708161715828353,0.038550964828838,
0.1787700209305716,2.785635344369327E-4,35.0,0.002985103734518069,0.007112107875938723,35.0,0.06024536426834208,0.5177696003295297,0.03729934429290496,
0.19154174338761637,2.4608143425184986E-4,35.0,0.0029673527257515057,0.006777105670095439,35.0,0.06261888607942329,0.4578326490741003,0.03388727110371177,
0.1546533927319799,2.535728258794625E-4,35.0,0.0029553592513196637,0.006093985578902662,35.0,0.06352884291280532,0.6269722600651647,0.0336907545005183,
0.15157624781252096,2.8279468278690384E-4,35.0,0.002731677317095967,0.006426595867062983,35.0,0.05081798171744807,0.6221387606351022,0.03816365746635165,
0.15157624781252096,2.8279468278690384E-4,35.0,0.002731677317095967,0.006426595867062983,35.0,0.05081798171744807,0.6221387606351022,0.03816365746635165,
0.15157624781252096,2.8279468278690384E-4,35.0,0.002731677317095967,0.006426595867062983,35.0,0.05081798171744807,0.6221387606351022,0.03816365746635165,
0.19633198295452864,2.40424089462787E-4,35.0,0.0025093632050743075,0.005795340070215597,35.0,0.04972949606264412,0.5481528065687202,0.03793728409842298,
0.1966333380426856,2.1618426444675534E-4,35.0,0.0025740453310987028,0.0064871161951466525,35.0,0.04980787923390752,0.5375417223593796,0.0359524801969885,
0.17535813058552144,2.596516971402583E-4,35.0,0.0022238692337470853,0.006634214918919304,35.0,0.04847827007648275,0.5696542018530192,0.03916391206291708,
0.155211638016957,1.9762888896099568E-4,35.0,0.0026663719403678646,0.005186732443683444,35.0,0.05218979608036959,0.5443496296407389,0.040963435035025135,
0.2095983040864941,1.3105888593991174E-4,35.0,0.0026014180212511053,0.006536223195897077,35.0,0.04551572629170813,0.6807228713560379,0.041053357363728185,
0.19403236548310326,1.4983657276242368E-4,35.0,0.0024840082290301215,0.005500463536003749,35.0,0.039824413067652505,0.5657204814878972,0.04027174396090712,
0.16416211941980643,1.6459757424443293E-4,35.0,0.002198780268785653,0.005231885528836161,35.0,0.045139847422830864,0.44248996006550767,0.042642888367281695,
0.18099065209567497,1.612486683154262E-4,35.0,0.002013736358121225,0.005660621248174953,35.0,0.04670633513867608,0.3973486872314685,0.043766998596389696,
0.18522359013467782,1.7879238695897367E-4,35.0,0.0023177495581387006,0.004809682882239635,35.0,0.04742000431786874,0.3364640235422033,0.0492671507081437,
0.18522359013467782,1.7879238695897367E-4,35.0,0.0023177495581387006,0.004809682882239635,35.0,0.04742000431786874,0.3364640235422033,0.0492671507081437,
0.18522359013467782,1.7879238695897367E-4,35.0,0.0023177495581387006,0.004809682882239635,35.0,0.04742000431786874,0.3364640235422033,0.0492671507081437,
0.18522359013467782,1.7879238695897367E-4,35.0,0.0023177495581387006,0.004809682882239635,35.0,0.04742000431786874,0.3364640235422033,0.0492671507081437,
0.18522359013467782,1.7879238695897367E-4,35.0,0.0023177495581387006,0.004809682882239635,35.0,0.04742000431786874,0.3364640235422033,0.0492671507081437,
0.18522359013467782,1.7879238695897367E-4,35.0,0.0023177495581387006,0.004809682882239635,35.0,0.04742000431786874,0.3364640235422033,0.0492671507081437,
0.18522359013467782,1.7879238695897367E-4,35.0,0.0023177495581387006,0.004809682882239635,35.0,0.04742000431786874,0.3364640235422033,0.0492671507081437,
0.18522359013467782,1.7879238695897367E-4,35.0,0.0023177495581387006,0.004809682882239635,35.0,0.04742000431786874,0.3364640235422033,0.0492671507081437,
0.18516467292435704,1.7184550081371112E-4,35.0,0.002089741182932411,0.005191069108744739,35.0,0.04557431927921192,0.34392248664287844,0.04315279980691042,
0.18049239101383693,1.9698995140538225E-4,35.0,0.0023132148974266023,0.004956333993087753,35.0,0.04311305945327895,0.33494552503314157,0.03978289284080802,
0.18830146430200104,1.673651760442415E-4,35.0,0.0022363276042599756,0.004860946851920436,35.0,0.051518801464475586,0.3537592812801145,0.038610108539071895,
0.17100917174120794,1.716405817433568E-4,35.0,0.0025408328375800026,0.004908060606189262,35.0,0.058028376593381774,0.3474023987443984,0.03727406334408169,
0.17509418644437355,1.937510248442493E-4,35.0,0.0032102961164187827,0.005158237502177601,35.0,0.06136880237073265,0.3579369486323132,0.041934577426759934,
0.18860476613583205,1.842156585867139E-4,35.0,0.0028491007294363037,0.0060924925527442025,35.0,0.05697207056237389,0.39455470026723233,0.04295499677625024,
0.16265882315002733,1.8913453513552303E-4,35.0,0.0025848822502637083,0.006782667612253175,35.0,0.06256437331421613,0.3642738999654418,0.03700477242385842,
0.17317957956821312,2.007663638830414E-4,35.0,0.0025702257775521995,0.0062741077727855935,35.0,0.05538172495769828,0.3657796696570949,0.03800634629279171,
0.17674687581232196,2.1764915852446581E-4,35.0,0.0025315271223814747,0.006514469007610113,35.0,0.04637719026843869,0.350809641392544,0.035046614150047166,
0.1811778379508272,2.616208096569831E-4,35.0,0.0024951558932182006,0.005691784426535997,35.0,0.05423393110164529,0.3432798544259989,0.038537344473572134,
0.1811778379508272,2.616208096569831E-4,35.0,0.0024951558932182006,0.005691784426535997,35.0,0.05423393110164529,0.3432798544259989,0.038537344473572134,
0.1811778379508272,2.616208096569831E-4,35.0,0.0024951558932182006,0.005691784426535997,35.0,0.05423393110164529,0.3432798544259989,0.038537344473572134,
0.1811778379508272,2.616208096569831E-4,35.0,0.0024951558932182006,0.005691784426535997,35.0,0.05423393110164529,0.3432798544259989,0.038537344473572134,
0.1789722176636442,2.509967340681698E-4,35.0,0.002675285645735806,0.005706535603004564,35.0,0.05521162809088654,0.3330334462264651,0.036420980193342424,
0.2012466820127858,2.661915596421944E-4,35.0,0.0029360168518138647,0.005572716865120932,35.0,0.060024429672856074,0.37158650409109273,0.04633056440714683,
0.18867137988304242,2.1688412779685248E-4,35.0,0.002667019495640398,0.005153239327904982,35.0,0.0481598433066027,0.5226514282226447,0.04557155914521671,
0.18806059041388867,2.176387092545347E-4,35.0,0.0025578902778520493,0.005633202869208391,35.0,0.04943064616952191,0.5139201346268184,0.046752221026784085,
0.19754102838854934,2.3343462513051593E-4,35.0,0.0028528660489399392,0.005445362852844908,35.0,0.04862227430966894,0.5576536314225677,0.048649593875491746,
0.1767334758625765,1.6914151503528245E-4,35.0,0.0027939653865307642,0.006057340477826879,35.0,0.05322374625692356,0.42720172596350686,0.03921949995380584,
0.14599904167524805,1.5039805904027714E-4,35.0,0.002906617207269787,0.005802306493685446,35.0,0.058077643945139215,0.5153132192309519,0.038217978208173235,
0.20397360514257748,1.7398817642515959E-4,35.0,0.0029468590970194836,0.0060786300144394885,35.0,0.05064085965269112,0.43997373376703286,0.03601281897353533,
0.16793766027090326,1.746512065420012E-4,35.0,0.002880538655377856,0.0056538556389862035,35.0,0.05697522362794101,0.44514672771209196,0.03418971720674093,
0.16194255053255646,1.5396082696146057E-4,35.0,0.0024134396676210495,0.0048628152445169435,35.0,0.0472227248682555,0.5102166593528253,0.04223336134728768,
0.15405619792830624,1.620198507463841E-4,35.0,0.0022412350402336474,0.0060689419468323135,35.0,0.04367452755195935,0.34766909411904984,0.050325890660775384,
0.17637580147450932,1.468385981616369E-4,35.0,0.002073084285065138,0.006083468412402798,35.0,0.038841209296826315,0.33970585570614037,0.05084147932769034,
0.17637580147450932,1.468385981616369E-4,35.0,0.002073084285065138,0.006083468412402798,35.0,0.038841209296826315,0.33970585570614037,0.05084147932769034,
0.17637580147450932,1.468385981616369E-4,35.0,0.002073084285065138,0.006083468412402798,35.0,0.038841209296826315,0.33970585570614037,0.05084147932769034,
0.15841143372440797,1.603385359090598E-4,35.0,0.0021365585106642004,0.005921316377516939,35.0,0.03821892238989885,0.32287208146234775,0.04116770423497646,
0.16020254136758172,1.2323761112613087E-4,35.0,0.0021471613423966526,0.005864529674329769,35.0,0.039129753277653515,0.28472487410515124,0.039183720948252294,
0.15818504251131624,1.1612271147542507E-4,35.0,0.0022710239802585046,0.006012474586901212,35.0,0.04300230617242394,0.27610739635821685,0.038240804772110455,
0.1739703269056516,1.2361996530534268E-4,35.0,0.0024038154940491142,0.005678251205823158,35.0,0.04750831414561458,0.2728998766656509,0.041631649262055696,
0.1739703269056516,1.2361996530534268E-4,35.0,0.0024038154940491142,0.005678251205823158,35.0,0.04750831414561458,0.2728998766656509,0.041631649262055696,
0.16821998198694693,1.1996056855027681E-4,35.0,0.0025658240857987895,0.005545422889222315,35.0,0.043062639865435494,0.27159476573292773,0.03956406471266261,
0.18369371525709804,1.252313238581671E-4,35.0,0.0032306715464035865,0.0049939515483191504,35.0,0.04837379556558375,0.41688528852410467,0.04879748115309718,
0.1692694309509089,1.6821678755495197E-4,35.0,0.002378268681405141,0.005813329755705382,35.0,0.04115691700025284,0.4763070247420113,0.05998766029677652,
0.1692694309509089,1.6821678755495197E-4,35.0,0.002378268681405141,0.005813329755705382,35.0,0.04115691700025284,0.4763070247420113,0.05998766029677652,
0.184551800832528,1.761880526844284E-4,35.0,0.002526851556692069,0.004649390988022653,35.0,0.05194552973169192,0.3091717345538147,0.06016642105277924,
0.18462923548095322,1.4752813073209755E-4,35.0,0.0025663482010570226,0.005498425666549314,35.0,0.05558777701240949,0.2549798728253807,0.04983458069355455,
0.18462923548095322,1.4752813073209755E-4,35.0,0.0025663482010570226,0.005498425666549314,35.0,0.05558777701240949,0.2549798728253807,0.04983458069355455,
0.18462923548095322,1.4752813073209755E-4,35.0,0.0025663482010570226,0.005498425666549314,35.0,0.05558777701240949,0.2549798728253807,0.04983458069355455,
0.20317823161338272,1.6703440479508595E-4,35.0,0.002408468353618748,0.005640124626036716,35.0,0.05568674786049541,0.28924108427921397,0.06391173861964669,
0.20134729290363013,1.3473944626136162E-4,35.0,0.002300415199211153,0.005739990306496761,35.0,0.05212136584221043,0.29463795079444005,0.06529461433331935,
0.20359430810438378,1.5009390717867478E-4,35.0,0.0022708422611590296,0.005770875600353178,35.0,0.042809914665698855,0.24825499187063446,0.06590839331253259,
0.18785977945893073,1.3851677389839837E-4,35.0,0.0021592356029628045,0.005709996974700311,35.0,0.04804973556135453,0.27426577136248903,0.06473361945609923,
0.18785977945893073,1.3851677389839837E-4,35.0,0.0021592356029628045,0.005709996974700311,35.0,0.04804973556135453,0.27426577136248903,0.06473361945609923,
0.1715759927190809,1.3679984250365387E-4,35.0,0.001991789773730476,0.006634756372782156,35.0,0.041120379613067054,0.27002142487948605,0.04520985308162056,
0.196270798474754,1.5532726075860825E-4,35.0,0.0018989972757294652,0.006634111438769165,35.0,0.03888845779361495,0.2740203149545045,0.0391439741439983,
0.18755559416872947,1.51495632551846E-4,35.0,0.002309592014174389,0.005971718981248436,35.0,0.04155962280131867,0.28127650099356855,0.037346138800506634,
0.1716007805391957,1.7479412156225506E-4,35.0,0.0029204943440385286,0.005871407222956224,35.0,0.052242864509950096,0.3910129384779499,0.04258697530130534,
0.17262514461248346,1.6043571586114627E-4,35.0,0.002880327139365266,0.005761525176597397,35.0,0.054468670914091744,0.4155495307479367,0.040821009799361124,
0.17262514461248346,1.6043571586114627E-4,35.0,0.002880327139365266,0.005761525176597397,35.0,0.054468670914091744,0.4155495307479367,0.040821009799361124,
0.16090229280563245,1.703001012467519E-4,35.0,0.0030250176423182147,0.006008148913488577,35.0,0.05484146220442974,0.40301594452016876,0.03151235206638621,
0.15823257769494706,1.4691266020674978E-4,35.0,0.0027900898805785705,0.005471205177373792,35.0,0.0648618124676092,0.41501053059405574,0.026842844743689268,
0.15823257769494706,1.4691266020674978E-4,35.0,0.0027900898805785705,0.005471205177373792,35.0,0.0648618124676092,0.41501053059405574,0.026842844743689268,
0.1581079607672823,1.4595176194438263E-4,35.0,0.00300430084703366,0.005582140334953164,35.0,0.05670083224819808,0.4347276835709421,0.02925753044615609,
0.1581079607672823,1.4595176194438263E-4,35.0,0.00300430084703366,0.005582140334953164,35.0,0.05670083224819808,0.4347276835709421,0.02925753044615609,
0.1581079607672823,1.4595176194438263E-4,35.0,0.00300430084703366,0.005582140334953164,35.0,0.05670083224819808,0.4347276835709421,0.02925753044615609,
0.15426827118299052,1.5001757237821414E-4,35.0,0.0032583836143483544,0.005671373932110473,35.0,0.06021642243931251,0.4338896451423767,0.0299754230440114,
0.1567706471553699,1.5339712707949585E-4,35.0,0.003063759273012622,0.005280955970053047,35.0,0.05367420828844826,0.4667061150184857,0.03203607124232491,
0.18397379984428952,1.7269705592424254E-4,35.0,0.0026640443745904537,0.00553330563565993,35.0,0.058190733446577284,0.42311440973932535,0.0340633730632309,
0.1593011561051419,2.2203760183285147E-4,35.0,0.002698672801036979,0.005982437273958613,35.0,0.06109905232431176,0.3593098829992829,0.03465172073882522,
0.1546523728403933,1.9718613182813962E-4,35.0,0.0026515045164306377,0.006033330891557281,35.0,0.06303379211576564,0.30663933660614584,0.028833226588567316,
0.1725291622632315,1.7162742848157578E-4,35.0,0.0027985156072366474,0.005449495509022716,35.0,0.056345278903710806,0.37186285218802184,0.02546212629206478,
0.1725291622632315,1.7162742848157578E-4,35.0,0.0027985156072366474,0.005449495509022716,35.0,0.056345278903710806,0.37186285218802184,0.02546212629206478,
0.1725291622632315,1.7162742848157578E-4,35.0,0.0027985156072366474,0.005449495509022716,35.0,0.056345278903710806,0.37186285218802184,0.02546212629206478,
0.1725291622632315,1.7162742848157578E-4,35.0,0.0027985156072366474,0.005449495509022716,35.0,0.056345278903710806,0.37186285218802184,0.02546212629206478,
0.1955742388401839,2.3273473889031616E-4,35.0,0.002477663940752007,0.006703601573150428,35.0,0.050232915952174974,0.390198581061934,0.034406711572673325,
0.1937512078496975,2.305138929667367E-4,35.0,0.002587161472537409,0.006367249611464003,35.0,0.05329995787043031,0.37689697725760146,0.032296063686189896,
0.18864258240136794,2.293043931677701E-4,35.0,0.0027050152168542965,0.006139700742752071,35.0,0.05221157396339597,0.3310573376854891,0.03201855653887266,
0.15078036332858819,2.4264340727179378E-4,35.0,0.002493361461059376,0.005525675513107952,35.0,0.044887367514201734,0.4778208507871306,0.03489478914360825,
0.16881118899835437,2.0260867985475873E-4,35.0,0.00204566931621621,0.005534846293255234,35.0,0.050001608339736506,0.5120498809915294,0.038495268248210784,
0.186438149982743,1.452082107864362E-4,35.0,0.001971398165224191,0.00560740697050524,35.0,0.04696998578790781,0.621735544075873,0.043674859038552435,
0.18735430435570954,1.4392006669105287E-4,35.0,0.0020154780570102292,0.0059311332238423135,35.0,0.04242402817570925,0.6192169852318948,0.03811574986723765,
0.18735430435570954,1.4392006669105287E-4,35.0,0.0020154780570102292,0.0059311332238423135,35.0,0.04242402817570925,0.6192169852318948,0.03811574986723765,
0.19756616031392482,1.5661647709082861E-4,35.0,0.0020805037555251403,0.005833995859186075,35.0,0.046867278132979154,0.5578450074931885,0.03985396066450125,
0.16230375363891286,1.6168563130214213E-4,35.0,0.0018459443469786738,0.005490726457772682,35.0,0.0405307344251352,0.4785406473127888,0.036705562444056435,
0.18554175454259195,1.5338146235147136E-4,35.0,0.0018569379584031588,0.005282849943981644,35.0,0.0368883029340945,0.5563536951737804,0.03566140604878561,
0.18554175454259195,1.5338146235147136E-4,35.0,0.0018569379584031588,0.005282849943981644,35.0,0.0368883029340945,0.5563536951737804,0.03566140604878561,
0.18554175454259195,1.5338146235147136E-4,35.0,0.0018569379584031588,0.005282849943981644,35.0,0.0368883029340945,0.5563536951737804,0.03566140604878561,
0.18554175454259195,1.5338146235147136E-4,35.0,0.0018569379584031588,0.005282849943981644,35.0,0.0368883029340945,0.5563536951737804,0.03566140604878561,
0.18554175454259195,1.5338146235147136E-4,35.0,0.0018569379584031588,0.005282849943981644,35.0,0.0368883029340945,0.5563536951737804,0.03566140604878561,
0.18554175454259195,1.5338146235147136E-4,35.0,0.0018569379584031588,0.005282849943981644,35.0,0.0368883029340945,0.5563536951737804,0.03566140604878561,
0.18554175454259195,1.5338146235147136E-4,35.0,0.0018569379584031588,0.005282849943981644,35.0,0.0368883029340945,0.5563536951737804,0.03566140604878561,
0.16474453076456086,1.4173535590951544E-4,35.0,0.001780217624260917,0.005657283277708004,35.0,0.036359471300849794,0.514968667847497,0.033065647588552835,
0.15944405881259055,1.3708482011229542E-4,35.0,0.0018549377889474966,0.004834663144638396,35.0,0.037263721611715886,0.4927063527897439,0.031067407314663,
0.15944405881259055,1.3708482011229542E-4,35.0,0.0018549377889474966,0.004834663144638396,35.0,0.037263721611715886,0.4927063527897439,0.031067407314663,
0.16758224977474084,1.4847337202513508E-4,35.0,0.001733218847236057,0.005234367954817525,35.0,0.03441624796635928,0.4410911077225752,0.0315052928173228,
0.16758224977474084,1.4847337202513508E-4,35.0,0.001733218847236057,0.005234367954817525,35.0,0.03441624796635928,0.4410911077225752,0.0315052928173228,
0.17092545727155686,1.423875218098025E-4,35.0,0.001677587897933351,0.005833416722067987,35.0,0.036799785613163105,0.48504585703429065,0.03746128649435537,
0.17380034391153,1.70782989749167E-4,35.0,0.0017648883389532752,0.005646762375536666,35.0,0.039276280012186755,0.3305382525435443,0.036968375413109066,
0.17168595633075792,1.7581031398984393E-4,35.0,0.0016961601705413442,0.005681414868516809,35.0,0.040033925490962415,0.3675095919452205,0.035917892911253274,
0.17168595633075792,1.7581031398984393E-4,35.0,0.0016961601705413442,0.005681414868516809,35.0,0.040033925490962415,0.3675095919452205,0.035917892911253274,
0.17168595633075792,1.7581031398984393E-4,35.0,0.0016961601705413442,0.005681414868516809,35.0,0.040033925490962415,0.3675095919452205,0.035917892911253274,
0.14443883134624141,1.6708704410659008E-4,35.0,0.0017711372635490752,0.005515641286779161,35.0,0.038543801007112785,0.3493120687894557,0.03168607074043825,
0.14443883134624141,1.6708704410659008E-4,35.0,0.0017711372635490752,0.005515641286779161,35.0,0.038543801007112785,0.3493120687894557,0.03168607074043825,
0.14443883134624141,1.6708704410659008E-4,35.0,0.0017711372635490752,0.005515641286779161,35.0,0.038543801007112785,0.3493120687894557,0.03168607074043825,
0.15554477237518188,1.6667485775880817E-4,35.0,0.0018541834135332963,0.005639572986657099,35.0,0.03636109474166326,0.2833275593459389,0.03816653376642762,
0.15354621463953627,1.9533236136419407E-4,35.0,0.001831181419547574,0.00652345086061571,35.0,0.037675155625598714,0.3167714136021727,0.03852630654298017,
0.16273406729173767,1.9119470042101773E-4,35.0,0.0019975044745741263,0.0059499055711349355,35.0,0.042089970482150824,0.38734244599010875,0.037015960177340664,
0.16273406729173767,1.9119470042101773E-4,35.0,0.0019975044745741263,0.0059499055711349355,35.0,0.042089970482150824,0.38734244599010875,0.037015960177340664,
0.17391933630910902,2.3043626134326958E-4,35.0,0.0022224643924224907,0.00473124133822277,35.0,0.042459088608730766,0.38803066055645846,0.04141420845325414,
0.17362519690550593,2.3680705441795914E-4,35.0,0.002259464787832568,0.004916686062579012,35.0,0.040583331317045716,0.3532146041990258,0.034372402231712146,
0.15421824448839958,2.2196936801772884E-4,35.0,0.0026478665773306573,0.005665598888104026,35.0,0.04856112879671521,0.3774692322550886,0.031207864119470474,
0.14957259111197432,2.395599078200969E-4,35.0,0.002593401990590395,0.0057288551127827065,35.0,0.04771288248498825,0.4021456961571989,0.031133924900073263,
0.15000909137979973,2.4208234066354898E-4,35.0,0.002417361367105987,0.006284154584878249,35.0,0.045642939116960664,0.4414706043065462,0.02770648070730096,
0.16426109309094974,2.489054040829384E-4,35.0,0.0025346848295572577,0.005821292072125392,35.0,0.04560964440395329,0.4974434732299439,0.0311298702238514,
0.16426109309094974,2.489054040829384E-4,35.0,0.0025346848295572577,0.005821292072125392,35.0,0.04560964440395329,0.4974434732299439,0.0311298702238514,
0.16883255843280937,2.510328070125017E-4,35.0,0.0024259650455735323,0.007073535623981545,35.0,0.04432519858741617,0.5203452039175155,0.028627838446285216,
0.16988474681793317,2.575405253945589E-4,35.0,0.002159196632683462,0.005731305077641789,35.0,0.04046015382659265,0.45487543844966793,0.033407682364908035,
0.15584783680893086,2.59006963055338E-4,35.0,0.002013648723249511,0.0067069650352312975,35.0,0.04018959886958256,0.3500321584909613,0.03347759039872233,
0.15584783680893086,2.59006963055338E-4,35.0,0.002013648723249511,0.0067069650352312975,35.0,0.04018959886958256,0.3500321584909613,0.03347759039872233,
0.17580144785756222,2.056248656383366E-4,35.0,0.0018242828814155317,0.005636546585753681,35.0,0.038803155880677315,0.29813413609617695,0.03581658441285898,
0.17580144785756222,2.056248656383366E-4,35.0,0.0018242828814155317,0.005636546585753681,35.0,0.038803155880677315,0.29813413609617695,0.03581658441285898,
0.17580144785756222,2.056248656383366E-4,35.0,0.0018242828814155317,0.005636546585753681,35.0,0.038803155880677315,0.29813413609617695,0.03581658441285898,
0.17580144785756222,2.056248656383366E-4,35.0,0.0018242828814155317,0.005636546585753681,35.0,0.038803155880677315,0.29813413609617695,0.03581658441285898,
0.17580144785756222,2.056248656383366E-4,35.0,0.0018242828814155317,0.005636546585753681,35.0,0.038803155880677315,0.29813413609617695,0.03581658441285898,
0.16504881503213975,2.110531938342434E-4,35.0,0.002261094265590393,0.005409923995309335,35.0,0.04100679099354877,0.3273567091517438,0.03457068988379498,
0.16504881503213975,2.110531938342434E-4,35.0,0.002261094265590393,0.005409923995309335,35.0,0.04100679099354877,0.3273567091517438,0.03457068988379498,
0.16911813272116202,2.1606795679840265E-4,35.0,0.002867832163357084,0.005954534212120713,35.0,0.05517355206871787,0.4109269462093115,0.034216237649628195,
0.17582080500247682,2.2929899785379445E-4,35.0,0.0030824322645926607,0.0061002393183579055,35.0,0.060023463224909736,0.4790325421347032,0.030119412729919172,
0.1540158939986189,2.638797595108054E-4,35.0,0.003096147290846026,0.006875384055075414,35.0,0.05643926066772253,0.4473165562750485,0.03302277907805109,
0.1506862803774235,1.9226420313386204E-4,35.0,0.0028157546594873785,0.006915777193197921,35.0,0.05780992414552615,0.4766217577924738,0.034650540590207134,
0.1506862803774235,1.9226420313386204E-4,35.0,0.0028157546594873785,0.006915777193197921,35.0,0.05780992414552615,0.4766217577924738,0.034650540590207134,
0.1506862803774235,1.9226420313386204E-4,35.0,0.0028157546594873785,0.006915777193197921,35.0,0.05780992414552615,0.4766217577924738,0.034650540590207134,
0.17512774630450142,1.854698283492089E-4,35.0,0.0028415204040244434,0.006463842924242133,35.0,0.059429009586557495,0.48027034622058495,0.040434965663078186,
0.1571249898032304,1.992022707016786E-4,35.0,0.002522841751304113,0.006387279749153482,35.0,0.05203619695173669,0.5060628501959452,0.038877380798854264,
0.1571249898032304,1.992022707016786E-4,35.0,0.002522841751304113,0.006387279749153482,35.0,0.05203619695173669,0.5060628501959452,0.038877380798854264,
0.1571249898032304,1.992022707016786E-4,35.0,0.002522841751304113,0.006387279749153482,35.0,0.05203619695173669,0.5060628501959452,0.038877380798854264,
0.1571249898032304,1.992022707016786E-4,35.0,0.002522841751304113,0.006387279749153482,35.0,0.05203619695173669,0.5060628501959452,0.038877380798854264,
0.15516633027578963,2.116112009947805E-4,35.0,0.002375568909461859,0.006359460741141175,35.0,0.04715724507197053,0.529913321619494,0.03869674532810534,
0.1774265920344521,2.573837575014708E-4,35.0,0.002326736075381712,0.005901648914206888,35.0,0.04712102300312852,0.5323354749263478,0.03907616100652595,
0.1774265920344521,2.573837575014708E-4,35.0,0.002326736075381712,0.005901648914206888,35.0,0.04712102300312852,0.5323354749263478,0.03907616100652595,
0.1774265920344521,2.573837575014708E-4,35.0,0.002326736075381712,0.005901648914206888,35.0,0.04712102300312852,0.5323354749263478,0.03907616100652595,
0.1774265920344521,2.573837575014708E-4,35.0,0.002326736075381712,0.005901648914206888,35.0,0.04712102300312852,0.5323354749263478,0.03907616100652595,
0.1774265920344521,2.573837575014708E-4,35.0,0.002326736075381712,0.005901648914206888,35.0,0.04712102300312852,0.5323354749263478,0.03907616100652595,
0.1774265920344521,2.573837575014708E-4,35.0,0.002326736075381712,0.005901648914206888,35.0,0.04712102300312852,0.5323354749263478,0.03907616100652595,
0.19567996525770587,2.3867182867332262E-4,35.0,0.002248279808004185,0.005859892165956121,35.0,0.04548291411905839,0.5526773302318981,0.03344848847155071,
0.19567996525770587,2.3867182867332262E-4,35.0,0.002248279808004185,0.005859892165956121,35.0,0.04548291411905839,0.5526773302318981,0.03344848847155071,
0.19567996525770587,2.3867182867332262E-4,35.0,0.002248279808004185,0.005859892165956121,35.0,0.04548291411905839,0.5526773302318981,0.03344848847155071,
0.17673343726266555,2.84078238627508E-4,35.0,0.002329012449084017,0.005870765552898725,35.0,0.04551536774657414,0.4663693084180396,0.03413572494813422,
0.17673343726266555,2.84078238627508E-4,35.0,0.002329012449084017,0.005870765552898725,35.0,0.04551536774657414,0.4663693084180396,0.03413572494813422,
0.16133200847131487,2.2627461874128363E-4,35.0,0.0025332861129537844,0.005492228210242706,35.0,0.052079003819403426,0.49625297168183075,0.04266544232251061,
0.1832939294178625,2.2418756616595902E-4,35.0,0.002107491997872822,0.005630828895865897,35.0,0.04886775758495416,0.5049339558481765,0.04547913138286856,
0.17448462188188518,2.4845692218459554E-4,35.0,0.0023398981783388072,0.006254590416270913,35.0,0.04654349454606007,0.6388591901786307,0.04315439078165198,
0.17448462188188518,2.4845692218459554E-4,35.0,0.0023398981783388072,0.006254590416270913,35.0,0.04654349454606007,0.6388591901786307,0.04315439078165198,
0.1675686127275168,2.825259694672679E-4,35.0,0.002448500993113506,0.005269588731089898,35.0,0.049443879805118204,0.7667899240486842,0.05003927588928479,
0.1857091459316494,3.193019081147082E-4,35.0,0.002483789737665588,0.0052096222470835694,35.0,0.04945724052934319,0.596986303889587,0.04816217573756074,
0.1857091459316494,3.193019081147082E-4,35.0,0.002483789737665588,0.0052096222470835694,35.0,0.04945724052934319,0.596986303889587,0.04816217573756074,
0.18601134375307515,3.0752086063984274E-4,35.0,0.0028854078654202047,0.00539787525297093,35.0,0.048337074329631594,0.5227190101648379,0.04990764511531452,
0.19511419908887126,3.015704152693526E-4,35.0,0.0029864615494040693,0.00665364332150158,35.0,0.05871356738408887,0.47309256112906256,0.03163632884772732,
0.19371688849074495,2.738083543502183E-4,35.0,0.003115980047770066,0.006016885476215326,35.0,0.05726675710221954,0.493879580623742,0.033577288537400385,
0.19371688849074495,2.738083543502183E-4,35.0,0.003115980047770066,0.006016885476215326,35.0,0.05726675710221954,0.493879580623742,0.033577288537400385,
0.17489457565699543,2.236553528117786E-4,35.0,0.0035711638879020735,0.005549258169581858,35.0,0.0632409903385405,0.6031511107023018,0.02811493810449921,
0.20692313975107846,2.367422622708562E-4,35.0,0.003304845880919056,0.005387791590138801,35.0,0.06267397110758802,0.6048935960531427,0.023995272464288307,
0.20692313975107846,2.367422622708562E-4,35.0,0.003304845880919056,0.005387791590138801,35.0,0.06267397110758802,0.6048935960531427,0.023995272464288307,
0.20692313975107846,2.367422622708562E-4,35.0,0.003304845880919056,0.005387791590138801,35.0,0.06267397110758802,0.6048935960531427,0.023995272464288307,
0.20692313975107846,2.367422622708562E-4,35.0,0.003304845880919056,0.005387791590138801,35.0,0.06267397110758802,0.6048935960531427,0.023995272464288307,
0.20692313975107846,2.367422622708562E-4,35.0,0.003304845880919056,0.005387791590138801,35.0,0.06267397110758802,0.6048935960531427,0.023995272464288307,
0.20692313975107846,2.367422622708562E-4,35.0,0.003304845880919056,0.005387791590138801,35.0,0.06267397110758802,0.6048935960531427,0.023995272464288307,
0.1866075462180146,2.2128018271554833E-4,35.0,0.0033660453602839674,0.0058094692459735595,35.0,0.05855163747678691,0.5992946713220265,0.02404313295582765,
0.17814535855430744,2.2933696641062786E-4,35.0,0.002995588110059486,0.006213791193623147,35.0,0.057460577908727245,0.5136923163123105,0.024580580590202454,
0.16693908270215496,2.4180910953541617E-4,35.0,0.002734302994274916,0.005081429799096484,35.0,0.04979417422067943,0.5180249375779704,0.027629917031385374,
0.16693908270215496,2.4180910953541617E-4,35.0,0.002734302994274916,0.005081429799096484,35.0,0.04979417422067943,0.5180249375779704,0.027629917031385374,
0.17418965625976782,2.266073675035504E-4,35.0,0.0026173107616519996,0.005566948371130975,35.0,0.048169841646461944,0.43988795360221294,0.027087450501268123,
0.15695723215103144,2.1230686236339895E-4,35.0,0.002973993454279911,0.005833958909666051,35.0,0.05717403000034385,0.4258836951036471,0.030366002028067777,
0.17859596907839476,2.0574519927226434E-4,35.0,0.0029218471184185115,0.0054733571258354,35.0,0.0551769859815122,0.4161601094210199,0.0297576798940517,
0.1431293806599967,2.1676509399871458E-4,35.0,0.002773947452273154,0.005285076355378743,35.0,0.04550166062754452,0.3928499812333757,0.02825089980953476,
0.1431293806599967,2.1676509399871458E-4,35.0,0.002773947452273154,0.005285076355378743,35.0,0.04550166062754452,0.3928499812333757,0.02825089980953476,
0.14964925959172454,2.1893326190912106E-4,35.0,0.0023039542073741495,0.006115992561555702,35.0,0.0437289517312164,0.3868198131475648,0.026690549951660064,
0.1522965129620221,2.2597722298233413E-4,35.0,0.0025825386681261543,0.005779326223203113,35.0,0.04775489276953697,0.441955712768469,0.03155072310861474,
0.1872155409699903,2.062368326277015E-4,35.0,0.0031039074865391553,0.006115246174134966,35.0,0.05698376765049555,0.46573109076314045,0.0361307860913462,
0.1796623023556667,1.8978412590134488E-4,35.0,0.0027840949322998384,0.006774996370683158,35.0,0.05679226636738448,0.43285534531177816,0.040459265484276856,
