gamma,psi,phi,initialBeta,betaJitter,betaRefactor_distribs_0,betaRefactor_changetime_0,betaRefactor_distribs_1,initialI,
0.010436232251990807,9.451534749942323E-4,0.01990181846861325,0.05469207342571618,0.0024034895280621556,1.0,154.0,2.3617824002507426,507.0,
0.010710461230074223,9.592380540670931E-4,0.020556612542115965,0.05031267798128003,0.0021831355289515563,1.0,153.0,2.6416774874451763,467.0,
0.010379155819204053,8.387225358706937E-4,0.020899130907082297,0.05834364064260039,0.0022927178828383243,1.0,151.0,2.76064570335944,541.0,
0.011264519948593114,0.0010274415420449855,0.02229315451543669,0.07246765256546638,0.002555882967285612,1.0,146.0,2.741222011934575,495.0,
0.011264519948593114,0.0010274415420449855,0.02229315451543669,0.07246765256546638,0.002555882967285612,1.0,146.0,2.741222011934575,495.0,
0.011264519948593114,0.0010274415420449855,0.02229315451543669,0.07246765256546638,0.002555882967285612,1.0,146.0,2.741222011934575,495.0,
0.011264519948593114,0.0010274415420449855,0.02229315451543669,0.07246765256546638,0.002555882967285612,1.0,146.0,2.741222011934575,495.0,
0.011264519948593114,0.0010274415420449855,0.02229315451543669,0.07246765256546638,0.002555882967285612,1.0,146.0,2.741222011934575,495.0,
0.011264519948593114,0.0010274415420449855,0.02229315451543669,0.07246765256546638,0.002555882967285612,1.0,146.0,2.741222011934575,495.0,
0.011264519948593114,0.0010274415420449855,0.02229315451543669,0.07246765256546638,0.002555882967285612,1.0,146.0,2.741222011934575,495.0,
0.011264519948593114,0.0010274415420449855,0.02229315451543669,0.07246765256546638,0.002555882967285612,1.0,146.0,2.741222011934575,495.0,
0.011264519948593114,0.0010274415420449855,0.02229315451543669,0.07246765256546638,0.002555882967285612,1.0,146.0,2.741222011934575,495.0,
0.011264519948593114,0.0010274415420449855,0.02229315451543669,0.07246765256546638,0.002555882967285612,1.0,146.0,2.741222011934575,495.0,
0.011264519948593114,0.0010274415420449855,0.02229315451543669,0.07246765256546638,0.002555882967285612,1.0,146.0,2.741222011934575,495.0,
0.011264519948593114,0.0010274415420449855,0.02229315451543669,0.07246765256546638,0.002555882967285612,1.0,146.0,2.741222011934575,495.0,
0.011264519948593114,0.0010274415420449855,0.02229315451543669,0.07246765256546638,0.002555882967285612,1.0,146.0,2.741222011934575,495.0,
0.011264519948593114,0.0010274415420449855,0.02229315451543669,0.07246765256546638,0.002555882967285612,1.0,146.0,2.741222011934575,495.0,
0.012824854416023731,9.198783719544622E-4,0.02451607539985493,0.07190040342966063,0.0028916959563303887,1.0,144.0,2.976468765438718,423.0,
0.014277126640333546,0.0010112656938117133,0.024045052363254434,0.07213647450273801,0.0025728804161449788,1.0,144.0,2.8539553251171967,427.0,
0.014277126640333546,0.0010112656938117133,0.024045052363254434,0.07213647450273801,0.0025728804161449788,1.0,144.0,2.8539553251171967,427.0,
0.013045738976770341,0.001059252666766622,0.02274682513937026,0.06355039268258189,0.0032747644721465995,1.0,142.0,2.2631069545962563,482.0,
0.013045738976770341,0.001059252666766622,0.02274682513937026,0.06355039268258189,0.0032747644721465995,1.0,142.0,2.2631069545962563,482.0,
0.013045738976770341,0.001059252666766622,0.02274682513937026,0.06355039268258189,0.0032747644721465995,1.0,142.0,2.2631069545962563,482.0,
0.013045738976770341,0.001059252666766622,0.02274682513937026,0.06355039268258189,0.0032747644721465995,1.0,142.0,2.2631069545962563,482.0,
0.013045738976770341,0.001059252666766622,0.02274682513937026,0.06355039268258189,0.0032747644721465995,1.0,142.0,2.2631069545962563,482.0,
0.01385810652117345,0.0010943773840137578,0.024160537124020776,0.05843181334168226,0.003624287864002377,1.0,146.0,2.2941207394857437,504.0,
0.01385810652117345,0.0010943773840137578,0.024160537124020776,0.05843181334168226,0.003624287864002377,1.0,146.0,2.2941207394857437,504.0,
0.01385810652117345,0.0010943773840137578,0.024160537124020776,0.05843181334168226,0.003624287864002377,1.0,146.0,2.2941207394857437,504.0,
0.01385810652117345,0.0010943773840137578,0.024160537124020776,0.05843181334168226,0.003624287864002377,1.0,146.0,2.2941207394857437,504.0,
0.01385810652117345,0.0010943773840137578,0.024160537124020776,0.05843181334168226,0.003624287864002377,1.0,146.0,2.2941207394857437,504.0,
0.01385810652117345,0.0010943773840137578,0.024160537124020776,0.05843181334168226,0.003624287864002377,1.0,146.0,2.2941207394857437,504.0,
0.01385810652117345,0.0010943773840137578,0.024160537124020776,0.05843181334168226,0.003624287864002377,1.0,146.0,2.2941207394857437,504.0,
0.01385810652117345,0.0010943773840137578,0.024160537124020776,0.05843181334168226,0.003624287864002377,1.0,146.0,2.2941207394857437,504.0,
0.01385810652117345,0.0010943773840137578,0.024160537124020776,0.05843181334168226,0.003624287864002377,1.0,146.0,2.2941207394857437,504.0,
0.01385810652117345,0.0010943773840137578,0.024160537124020776,0.05843181334168226,0.003624287864002377,1.0,146.0,2.2941207394857437,504.0,
0.01385810652117345,0.0010943773840137578,0.024160537124020776,0.05843181334168226,0.003624287864002377,1.0,146.0,2.2941207394857437,504.0,
0.01385810652117345,0.0010943773840137578,0.024160537124020776,0.05843181334168226,0.003624287864002377,1.0,146.0,2.2941207394857437,504.0,
0.01385810652117345,0.0010943773840137578,0.024160537124020776,0.05843181334168226,0.003624287864002377,1.0,146.0,2.2941207394857437,504.0,
0.01352348862118738,8.849549200990559E-4,0.023088018940637556,0.06329967989354658,0.003816900865648045,1.0,144.0,1.9788491514702362,475.0,
0.01352348862118738,8.849549200990559E-4,0.023088018940637556,0.06329967989354658,0.003816900865648045,1.0,144.0,1.9788491514702362,475.0,
0.013890015733928009,7.715598075305747E-4,0.020316258206470348,0.05328672193528305,0.0035004943568709896,1.0,150.0,1.9567485803717721,434.0,
0.013890015733928009,7.715598075305747E-4,0.020316258206470348,0.05328672193528305,0.0035004943568709896,1.0,150.0,1.9567485803717721,434.0,
0.013890015733928009,7.715598075305747E-4,0.020316258206470348,0.05328672193528305,0.0035004943568709896,1.0,150.0,1.9567485803717721,434.0,
0.013890015733928009,7.715598075305747E-4,0.020316258206470348,0.05328672193528305,0.0035004943568709896,1.0,150.0,1.9567485803717721,434.0,
0.013890015733928009,7.715598075305747E-4,0.020316258206470348,0.05328672193528305,0.0035004943568709896,1.0,150.0,1.9567485803717721,434.0,
0.013890015733928009,7.715598075305747E-4,0.020316258206470348,0.05328672193528305,0.0035004943568709896,1.0,150.0,1.9567485803717721,434.0,
0.017861314584869933,7.488411929990525E-4,0.018509878367769406,0.05938647102334919,0.0043292228059228595,1.0,143.0,1.670839918256799,463.0,
0.017861314584869933,7.488411929990525E-4,0.018509878367769406,0.05938647102334919,0.0043292228059228595,1.0,143.0,1.670839918256799,463.0,
0.017861314584869933,7.488411929990525E-4,0.018509878367769406,0.05938647102334919,0.0043292228059228595,1.0,143.0,1.670839918256799,463.0,
0.017861314584869933,7.488411929990525E-4,0.018509878367769406,0.05938647102334919,0.0043292228059228595,1.0,143.0,1.670839918256799,463.0,
0.017861314584869933,7.488411929990525E-4,0.018509878367769406,0.05938647102334919,0.0043292228059228595,1.0,143.0,1.670839918256799,463.0,
0.017861314584869933,7.488411929990525E-4,0.018509878367769406,0.05938647102334919,0.0043292228059228595,1.0,143.0,1.670839918256799,463.0,
0.017861314584869933,7.488411929990525E-4,0.018509878367769406,0.05938647102334919,0.0043292228059228595,1.0,143.0,1.670839918256799,463.0,
0.017861314584869933,7.488411929990525E-4,0.018509878367769406,0.05938647102334919,0.0043292228059228595,1.0,143.0,1.670839918256799,463.0,
0.017861314584869933,7.488411929990525E-4,0.018509878367769406,0.05938647102334919,0.0043292228059228595,1.0,143.0,1.670839918256799,463.0,
0.017861314584869933,7.488411929990525E-4,0.018509878367769406,0.05938647102334919,0.0043292228059228595,1.0,143.0,1.670839918256799,463.0,
0.017861314584869933,7.488411929990525E-4,0.018509878367769406,0.05938647102334919,0.0043292228059228595,1.0,143.0,1.670839918256799,463.0,
0.02704773556620651,7.046573302120695E-4,0.019488294449343444,0.0520824778960676,0.004064615655583978,1.0,146.0,1.8107217632179458,381.0,
0.02704773556620651,7.046573302120695E-4,0.019488294449343444,0.0520824778960676,0.004064615655583978,1.0,146.0,1.8107217632179458,381.0,
0.02704773556620651,7.046573302120695E-4,0.019488294449343444,0.0520824778960676,0.004064615655583978,1.0,146.0,1.8107217632179458,381.0,
0.02704773556620651,7.046573302120695E-4,0.019488294449343444,0.0520824778960676,0.004064615655583978,1.0,146.0,1.8107217632179458,381.0,
0.02704773556620651,7.046573302120695E-4,0.019488294449343444,0.0520824778960676,0.004064615655583978,1.0,146.0,1.8107217632179458,381.0,
0.02704773556620651,7.046573302120695E-4,0.019488294449343444,0.0520824778960676,0.004064615655583978,1.0,146.0,1.8107217632179458,381.0,
0.02704773556620651,7.046573302120695E-4,0.019488294449343444,0.0520824778960676,0.004064615655583978,1.0,146.0,1.8107217632179458,381.0,
0.031120128829753967,7.264098237910307E-4,0.021178280990784237,0.054129797984186365,0.004628632271744768,1.0,144.0,1.818773139682524,391.0,
0.036642096849369164,6.54503064639641E-4,0.022478232151428554,0.06976122546420693,0.00526590734019908,1.0,143.0,1.8005798635610029,455.0,
0.04491153694291802,7.038825347081769E-4,0.02225318956174393,0.07547664937638668,0.00544012068283428,1.0,143.0,2.150411545164392,463.0,
0.04491153694291802,7.038825347081769E-4,0.02225318956174393,0.07547664937638668,0.00544012068283428,1.0,143.0,2.150411545164392,463.0,
0.04491153694291802,7.038825347081769E-4,0.02225318956174393,0.07547664937638668,0.00544012068283428,1.0,143.0,2.150411545164392,463.0,
0.04491153694291802,7.038825347081769E-4,0.02225318956174393,0.07547664937638668,0.00544012068283428,1.0,143.0,2.150411545164392,463.0,
0.04491153694291802,7.038825347081769E-4,0.02225318956174393,0.07547664937638668,0.00544012068283428,1.0,143.0,2.150411545164392,463.0,
0.03961164202120962,7.753120421423865E-4,0.024673400293018052,0.06730090066206319,0.006286962704393833,1.0,144.0,1.843265340069791,505.0,
0.03961164202120962,7.753120421423865E-4,0.024673400293018052,0.06730090066206319,0.006286962704393833,1.0,144.0,1.843265340069791,505.0,
0.03961164202120962,7.753120421423865E-4,0.024673400293018052,0.06730090066206319,0.006286962704393833,1.0,144.0,1.843265340069791,505.0,
0.03961164202120962,7.753120421423865E-4,0.024673400293018052,0.06730090066206319,0.006286962704393833,1.0,144.0,1.843265340069791,505.0,
0.03961164202120962,7.753120421423865E-4,0.024673400293018052,0.06730090066206319,0.006286962704393833,1.0,144.0,1.843265340069791,505.0,
0.04417412096219755,9.924198357504062E-4,0.022489919589868086,0.05995757382432656,0.009145095538468737,1.0,141.0,1.6614271189005685,553.0,
0.0463342316814291,0.0010291039369016736,0.02473404545159981,0.06106682309605976,0.009400500477586664,1.0,145.0,2.0508448711022713,522.0,
0.05299031978862008,8.995582671981498E-4,0.023327512195856104,0.0562754057974803,0.008970877277287702,1.0,143.0,2.049866806597674,492.0,
0.05299031978862008,8.995582671981498E-4,0.023327512195856104,0.0562754057974803,0.008970877277287702,1.0,143.0,2.049866806597674,492.0,
0.05299031978862008,8.995582671981498E-4,0.023327512195856104,0.0562754057974803,0.008970877277287702,1.0,143.0,2.049866806597674,492.0,
0.05299031978862008,8.995582671981498E-4,0.023327512195856104,0.0562754057974803,0.008970877277287702,1.0,143.0,2.049866806597674,492.0,
0.06042959536757933,8.046496203905581E-4,0.02081579872875856,0.0563649777905789,0.009262995012192386,1.0,144.0,1.8474589658740752,525.0,
0.07559018213205532,7.336897881215136E-4,0.022221508304490618,0.07571006416437993,0.011483089119207474,1.0,156.0,1.6569263876853046,527.0,
0.06860589390341405,8.253122280526857E-4,0.020397187997792013,0.06891360023800122,0.011542768446380722,1.0,149.0,1.5851344006078678,497.0,
0.08323922203700626,8.707660744705686E-4,0.020478254640957667,0.08288434839988938,0.011964241774344814,1.0,146.0,2.0047833240441086,512.0,
0.08559111568507517,0.0010938656408923213,0.02187382583977649,0.09497263628527598,0.01054203377087962,1.0,146.0,2.2708134309689574,454.0,
0.08559111568507517,0.0010938656408923213,0.02187382583977649,0.09497263628527598,0.01054203377087962,1.0,146.0,2.2708134309689574,454.0,
0.08559111568507517,0.0010938656408923213,0.02187382583977649,0.09497263628527598,0.01054203377087962,1.0,146.0,2.2708134309689574,454.0,
0.08559111568507517,0.0010938656408923213,0.02187382583977649,0.09497263628527598,0.01054203377087962,1.0,146.0,2.2708134309689574,454.0,
0.08559111568507517,0.0010938656408923213,0.02187382583977649,0.09497263628527598,0.01054203377087962,1.0,146.0,2.2708134309689574,454.0,
0.08559111568507517,0.0010938656408923213,0.02187382583977649,0.09497263628527598,0.01054203377087962,1.0,146.0,2.2708134309689574,454.0,
0.09693099383398503,9.48526082176464E-4,0.021487449538297412,0.09709358452357104,0.011022353658909542,1.0,142.0,2.48465299196697,453.0,
0.11674838411251592,9.405129843593369E-4,0.020927864849687755,0.08709749124868309,0.011699058487776056,1.0,148.0,2.806597455583154,462.0,
0.11189615381362314,9.531573380845767E-4,0.020784828479455498,0.07633678990738811,0.011199394931145207,1.0,143.0,2.4965936209079085,533.0,
0.11189615381362314,9.531573380845767E-4,0.020784828479455498,0.07633678990738811,0.011199394931145207,1.0,143.0,2.4965936209079085,533.0,
0.09807669917395463,9.823985549589145E-4,0.020359850227261216,0.07367422456694811,0.012733291116089614,1.0,144.0,2.5602954504612425,478.0,
0.094998786611732,0.0010562647782747276,0.02052511673308608,0.07243539825880314,0.011737075285797618,1.0,147.0,2.3602601282234406,491.0,
0.09511735889302059,0.0011438898166855759,0.01980754318877181,0.07359254446453375,0.012419830292172926,1.0,145.0,2.453820262402706,477.0,
0.09511735889302059,0.0011438898166855759,0.01980754318877181,0.07359254446453375,0.012419830292172926,1.0,145.0,2.453820262402706,477.0,
0.09511735889302059,0.0011438898166855759,0.01980754318877181,0.07359254446453375,0.012419830292172926,1.0,145.0,2.453820262402706,477.0,
0.09511735889302059,0.0011438898166855759,0.01980754318877181,0.07359254446453375,0.012419830292172926,1.0,145.0,2.453820262402706,477.0,
0.09511735889302059,0.0011438898166855759,0.01980754318877181,0.07359254446453375,0.012419830292172926,1.0,145.0,2.453820262402706,477.0,
0.09511735889302059,0.0011438898166855759,0.01980754318877181,0.07359254446453375,0.012419830292172926,1.0,145.0,2.453820262402706,477.0,
0.09511735889302059,0.0011438898166855759,0.01980754318877181,0.07359254446453375,0.012419830292172926,1.0,145.0,2.453820262402706,477.0,
0.11275211379177219,0.0010758166950785456,0.020950303252457454,0.08498998975031823,0.012017091321635759,1.0,146.0,2.507332789371063,518.0,
0.11275211379177219,0.0010758166950785456,0.020950303252457454,0.08498998975031823,0.012017091321635759,1.0,146.0,2.507332789371063,518.0,
0.11275211379177219,0.0010758166950785456,0.020950303252457454,0.08498998975031823,0.012017091321635759,1.0,146.0,2.507332789371063,518.0,
0.11275211379177219,0.0010758166950785456,0.020950303252457454,0.08498998975031823,0.012017091321635759,1.0,146.0,2.507332789371063,518.0,
0.11275211379177219,0.0010758166950785456,0.020950303252457454,0.08498998975031823,0.012017091321635759,1.0,146.0,2.507332789371063,518.0,
0.11275211379177219,0.0010758166950785456,0.020950303252457454,0.08498998975031823,0.012017091321635759,1.0,146.0,2.507332789371063,518.0,
0.11275211379177219,0.0010758166950785456,0.020950303252457454,0.08498998975031823,0.012017091321635759,1.0,146.0,2.507332789371063,518.0,
0.11275211379177219,0.0010758166950785456,0.020950303252457454,0.08498998975031823,0.012017091321635759,1.0,146.0,2.507332789371063,518.0,
0.11275211379177219,0.0010758166950785456,0.020950303252457454,0.08498998975031823,0.012017091321635759,1.0,146.0,2.507332789371063,518.0,
0.11275211379177219,0.0010758166950785456,0.020950303252457454,0.08498998975031823,0.012017091321635759,1.0,146.0,2.507332789371063,518.0,
0.11275211379177219,0.0010758166950785456,0.020950303252457454,0.08498998975031823,0.012017091321635759,1.0,146.0,2.507332789371063,518.0,
0.11275211379177219,0.0010758166950785456,0.020950303252457454,0.08498998975031823,0.012017091321635759,1.0,146.0,2.507332789371063,518.0,
0.11275211379177219,0.0010758166950785456,0.020950303252457454,0.08498998975031823,0.012017091321635759,1.0,146.0,2.507332789371063,518.0,
0.11275211379177219,0.0010758166950785456,0.020950303252457454,0.08498998975031823,0.012017091321635759,1.0,146.0,2.507332789371063,518.0,
0.11275211379177219,0.0010758166950785456,0.020950303252457454,0.08498998975031823,0.012017091321635759,1.0,146.0,2.507332789371063,518.0,
0.11275211379177219,0.0010758166950785456,0.020950303252457454,0.08498998975031823,0.012017091321635759,1.0,146.0,2.507332789371063,518.0,
0.11275211379177219,0.0010758166950785456,0.020950303252457454,0.08498998975031823,0.012017091321635759,1.0,146.0,2.507332789371063,518.0,
0.11275211379177219,0.0010758166950785456,0.020950303252457454,0.08498998975031823,0.012017091321635759,1.0,146.0,2.507332789371063,518.0,
0.11275211379177219,0.0010758166950785456,0.020950303252457454,0.08498998975031823,0.012017091321635759,1.0,146.0,2.507332789371063,518.0,
0.11275211379177219,0.0010758166950785456,0.020950303252457454,0.08498998975031823,0.012017091321635759,1.0,146.0,2.507332789371063,518.0,
0.11663506071194507,0.0011462879064204673,0.02159550978347915,0.08187042910526392,0.012903111695941528,1.0,145.0,2.5423116294030113,514.0,
0.1225781142539894,0.0010253219639953033,0.023204990436837027,0.07426556828910615,0.014092615658182726,1.0,145.0,1.915698118706261,515.0,
0.13691756749980505,9.421387249951903E-4,0.023151222386284392,0.06862363782655465,0.016049344919111034,1.0,149.0,1.7358260085328714,494.0,
0.11208356520893666,9.577926622093743E-4,0.02132336613191549,0.07101551973570337,0.016841310099827513,1.0,143.0,1.766901858987971,491.0,
0.11208356520893666,9.577926622093743E-4,0.02132336613191549,0.07101551973570337,0.016841310099827513,1.0,143.0,1.766901858987971,491.0,
0.11222112322923458,8.81153249056876E-4,0.022481157364973855,0.07460390469852232,0.015688815960035064,1.0,147.0,1.8355578888450448,479.0,
0.13086865806897086,9.856585150154402E-4,0.020463263368802564,0.08027822028015143,0.01679550573714867,1.0,141.0,1.9843962331571243,488.0,
0.15153352402937742,8.575425636813982E-4,0.01993010466168913,0.08300116752348215,0.015940353166645757,1.0,143.0,1.6531585896646783,534.0,
0.13512147102784763,9.167130225639544E-4,0.02136127326588227,0.07606049827811355,0.01746526579570031,1.0,142.0,1.6643368276396906,534.0,
0.14215944364081748,8.939290964162804E-4,0.021801067072537445,0.07947176063717781,0.016861686504851956,1.0,149.0,1.6393649054023978,558.0,
0.14215944364081748,8.939290964162804E-4,0.021801067072537445,0.07947176063717781,0.016861686504851956,1.0,149.0,1.6393649054023978,558.0,
0.14215944364081748,8.939290964162804E-4,0.021801067072537445,0.07947176063717781,0.016861686504851956,1.0,149.0,1.6393649054023978,558.0,
0.14215944364081748,8.939290964162804E-4,0.021801067072537445,0.07947176063717781,0.016861686504851956,1.0,149.0,1.6393649054023978,558.0,
0.11012391461195571,0.0010262827637192785,0.021001213290706644,0.0606498045310783,0.016460120150525948,1.0,145.0,1.8824356433922058,543.0,
0.11012391461195571,0.0010262827637192785,0.021001213290706644,0.0606498045310783,0.016460120150525948,1.0,145.0,1.8824356433922058,543.0,
0.11012391461195571,0.0010262827637192785,0.021001213290706644,0.0606498045310783,0.016460120150525948,1.0,145.0,1.8824356433922058,543.0,
0.11012391461195571,0.0010262827637192785,0.021001213290706644,0.0606498045310783,0.016460120150525948,1.0,145.0,1.8824356433922058,543.0,
0.11012391461195571,0.0010262827637192785,0.021001213290706644,0.0606498045310783,0.016460120150525948,1.0,145.0,1.8824356433922058,543.0,
0.11012391461195571,0.0010262827637192785,0.021001213290706644,0.0606498045310783,0.016460120150525948,1.0,145.0,1.8824356433922058,543.0,
0.11012391461195571,0.0010262827637192785,0.021001213290706644,0.0606498045310783,0.016460120150525948,1.0,145.0,1.8824356433922058,543.0,
0.11012391461195571,0.0010262827637192785,0.021001213290706644,0.0606498045310783,0.016460120150525948,1.0,145.0,1.8824356433922058,543.0,
0.11012391461195571,0.0010262827637192785,0.021001213290706644,0.0606498045310783,0.016460120150525948,1.0,145.0,1.8824356433922058,543.0,
0.11012391461195571,0.0010262827637192785,0.021001213290706644,0.0606498045310783,0.016460120150525948,1.0,145.0,1.8824356433922058,543.0,
0.11020147523727906,0.0010408206687485622,0.022330863565072193,0.05776166396822914,0.016096678550961,1.0,150.0,1.8579064878698732,502.0,
0.11020147523727906,0.0010408206687485622,0.022330863565072193,0.05776166396822914,0.016096678550961,1.0,150.0,1.8579064878698732,502.0,
0.11020147523727906,0.0010408206687485622,0.022330863565072193,0.05776166396822914,0.016096678550961,1.0,150.0,1.8579064878698732,502.0,
0.10949654912021697,9.426827884498044E-4,0.021122059197005022,0.05742877734912861,0.015004452278086632,1.0,145.0,1.8607902129275027,505.0,
0.11537203908463002,9.034788535062565E-4,0.021406948458649735,0.07055242804871656,0.014790342910652017,1.0,142.0,1.8273812599724264,515.0,
0.12692142227314776,0.0010195991608438382,0.01953928494149166,0.07858272916803187,0.0164494595031324,1.0,147.0,1.6281403183507852,482.0,
0.11535865390356323,9.251233628041411E-4,0.01890502632602942,0.08122700139975406,0.017439959946322903,1.0,144.0,1.9888207720902031,493.0,
0.12347158377880309,0.0010702691245240462,0.02015639625862286,0.08294249748657755,0.01695310483837293,1.0,150.0,1.783235457808089,462.0,
0.12347158377880309,0.0010702691245240462,0.02015639625862286,0.08294249748657755,0.01695310483837293,1.0,150.0,1.783235457808089,462.0,
0.12347158377880309,0.0010702691245240462,0.02015639625862286,0.08294249748657755,0.01695310483837293,1.0,150.0,1.783235457808089,462.0,
0.12347158377880309,0.0010702691245240462,0.02015639625862286,0.08294249748657755,0.01695310483837293,1.0,150.0,1.783235457808089,462.0,
0.1309346922215047,0.0010097803195021477,0.01884356588612191,0.08798359305603565,0.015353590574604245,1.0,149.0,2.278569413219431,559.0,
0.1211485874582105,0.0010782939537723496,0.019189623107245,0.08675149041344683,0.014747119332642444,1.0,142.0,1.800857653506036,542.0,
0.1211485874582105,0.0010782939537723496,0.019189623107245,0.08675149041344683,0.014747119332642444,1.0,142.0,1.800857653506036,542.0,
0.1211485874582105,0.0010782939537723496,0.019189623107245,0.08675149041344683,0.014747119332642444,1.0,142.0,1.800857653506036,542.0,
0.13528860612848784,0.0010763038505621951,0.019507412188546135,0.088588529806672,0.0179395175750799,1.0,150.0,1.9937425003699245,501.0,
0.11389787067872399,0.0010560016064389138,0.02229945151725039,0.0913266475075088,0.01792126862890303,1.0,147.0,2.260608663196885,488.0,
0.11389787067872399,0.0010560016064389138,0.02229945151725039,0.0913266475075088,0.01792126862890303,1.0,147.0,2.260608663196885,488.0,
0.11585436232082796,9.929999814374064E-4,0.01954810384497423,0.10529928448916168,0.015351294253112645,1.0,145.0,1.9855570411950567,514.0,
0.11585436232082796,9.929999814374064E-4,0.01954810384497423,0.10529928448916168,0.015351294253112645,1.0,145.0,1.9855570411950567,514.0,
0.11585436232082796,9.929999814374064E-4,0.01954810384497423,0.10529928448916168,0.015351294253112645,1.0,145.0,1.9855570411950567,514.0,
0.11585436232082796,9.929999814374064E-4,0.01954810384497423,0.10529928448916168,0.015351294253112645,1.0,145.0,1.9855570411950567,514.0,
0.1350431566826485,9.72209043258921E-4,0.02007407900116564,0.08848382038642236,0.013177882116482255,1.0,147.0,1.6555817392767365,479.0,
0.1350431566826485,9.72209043258921E-4,0.02007407900116564,0.08848382038642236,0.013177882116482255,1.0,147.0,1.6555817392767365,479.0,
0.1350431566826485,9.72209043258921E-4,0.02007407900116564,0.08848382038642236,0.013177882116482255,1.0,147.0,1.6555817392767365,479.0,
0.1350431566826485,9.72209043258921E-4,0.02007407900116564,0.08848382038642236,0.013177882116482255,1.0,147.0,1.6555817392767365,479.0,
0.1350431566826485,9.72209043258921E-4,0.02007407900116564,0.08848382038642236,0.013177882116482255,1.0,147.0,1.6555817392767365,479.0,
0.1350431566826485,9.72209043258921E-4,0.02007407900116564,0.08848382038642236,0.013177882116482255,1.0,147.0,1.6555817392767365,479.0,
0.1350431566826485,9.72209043258921E-4,0.02007407900116564,0.08848382038642236,0.013177882116482255,1.0,147.0,1.6555817392767365,479.0,
0.1350431566826485,9.72209043258921E-4,0.02007407900116564,0.08848382038642236,0.013177882116482255,1.0,147.0,1.6555817392767365,479.0,
0.1350431566826485,9.72209043258921E-4,0.02007407900116564,0.08848382038642236,0.013177882116482255,1.0,147.0,1.6555817392767365,479.0,
0.1350431566826485,9.72209043258921E-4,0.02007407900116564,0.08848382038642236,0.013177882116482255,1.0,147.0,1.6555817392767365,479.0,
0.1350431566826485,9.72209043258921E-4,0.02007407900116564,0.08848382038642236,0.013177882116482255,1.0,147.0,1.6555817392767365,479.0,
0.14521560930137697,0.0010918733930700222,0.02065429606948494,0.09649952179836706,0.014657479312319832,1.0,148.0,1.796369781963628,502.0,
0.14521560930137697,0.0010918733930700222,0.02065429606948494,0.09649952179836706,0.014657479312319832,1.0,148.0,1.796369781963628,502.0,
0.14521560930137697,0.0010918733930700222,0.02065429606948494,0.09649952179836706,0.014657479312319832,1.0,148.0,1.796369781963628,502.0,
0.14521560930137697,0.0010918733930700222,0.02065429606948494,0.09649952179836706,0.014657479312319832,1.0,148.0,1.796369781963628,502.0,
0.14521560930137697,0.0010918733930700222,0.02065429606948494,0.09649952179836706,0.014657479312319832,1.0,148.0,1.796369781963628,502.0,
0.14521560930137697,0.0010918733930700222,0.02065429606948494,0.09649952179836706,0.014657479312319832,1.0,148.0,1.796369781963628,502.0,
0.14521560930137697,0.0010918733930700222,0.02065429606948494,0.09649952179836706,0.014657479312319832,1.0,148.0,1.796369781963628,502.0,
0.14521560930137697,0.0010918733930700222,0.02065429606948494,0.09649952179836706,0.014657479312319832,1.0,148.0,1.796369781963628,502.0,
0.13831807114734093,0.0010849361823687513,0.020698966052121053,0.09677565270471664,0.014932177988647637,1.0,142.0,1.6306126462851953,533.0,
0.13831807114734093,0.0010849361823687513,0.020698966052121053,0.09677565270471664,0.014932177988647637,1.0,142.0,1.6306126462851953,533.0,
0.1403129704567378,9.617608631032123E-4,0.020534191178302533,0.11125670311826995,0.015468936637722423,1.0,146.0,1.5442629245683939,489.0,
0.1403129704567378,9.617608631032123E-4,0.020534191178302533,0.11125670311826995,0.015468936637722423,1.0,146.0,1.5442629245683939,489.0,
0.1403129704567378,9.617608631032123E-4,0.020534191178302533,0.11125670311826995,0.015468936637722423,1.0,146.0,1.5442629245683939,489.0,
0.1403129704567378,9.617608631032123E-4,0.020534191178302533,0.11125670311826995,0.015468936637722423,1.0,146.0,1.5442629245683939,489.0,
0.1403129704567378,9.617608631032123E-4,0.020534191178302533,0.11125670311826995,0.015468936637722423,1.0,146.0,1.5442629245683939,489.0,
0.1403129704567378,9.617608631032123E-4,0.020534191178302533,0.11125670311826995,0.015468936637722423,1.0,146.0,1.5442629245683939,489.0,
0.1403129704567378,9.617608631032123E-4,0.020534191178302533,0.11125670311826995,0.015468936637722423,1.0,146.0,1.5442629245683939,489.0,
0.1403129704567378,9.617608631032123E-4,0.020534191178302533,0.11125670311826995,0.015468936637722423,1.0,146.0,1.5442629245683939,489.0,
0.1403129704567378,9.617608631032123E-4,0.020534191178302533,0.11125670311826995,0.015468936637722423,1.0,146.0,1.5442629245683939,489.0,
0.1403129704567378,9.617608631032123E-4,0.020534191178302533,0.11125670311826995,0.015468936637722423,1.0,146.0,1.5442629245683939,489.0,
0.16014016456682248,9.801253335096024E-4,0.021436738737171623,0.11352645426118918,0.015065166025625019,1.0,145.0,1.5959825770620388,520.0,
0.16014016456682248,9.801253335096024E-4,0.021436738737171623,0.11352645426118918,0.015065166025625019,1.0,145.0,1.5959825770620388,520.0,
0.16014016456682248,9.801253335096024E-4,0.021436738737171623,0.11352645426118918,0.015065166025625019,1.0,145.0,1.5959825770620388,520.0,
0.16014016456682248,9.801253335096024E-4,0.021436738737171623,0.11352645426118918,0.015065166025625019,1.0,145.0,1.5959825770620388,520.0,
0.1502656164128851,9.76763984415129E-4,0.02017069775861406,0.1180123923203099,0.019102234898993688,1.0,143.0,1.8503808938611759,524.0,
0.1502656164128851,9.76763984415129E-4,0.02017069775861406,0.1180123923203099,0.019102234898993688,1.0,143.0,1.8503808938611759,524.0,
0.1502656164128851,9.76763984415129E-4,0.02017069775861406,0.1180123923203099,0.019102234898993688,1.0,143.0,1.8503808938611759,524.0,
0.136142560298584,9.710985888321523E-4,0.02070132176352185,0.12939720765478285,0.02130123079554053,1.0,144.0,1.555830703433304,496.0,
0.136142560298584,9.710985888321523E-4,0.02070132176352185,0.12939720765478285,0.02130123079554053,1.0,144.0,1.555830703433304,496.0,
0.136142560298584,9.710985888321523E-4,0.02070132176352185,0.12939720765478285,0.02130123079554053,1.0,144.0,1.555830703433304,496.0,
0.14491219692461946,8.805468760811817E-4,0.020143633206635564,0.11832818194037761,0.018403092774992316,1.0,146.0,1.5644514963431648,520.0,
0.14491219692461946,8.805468760811817E-4,0.020143633206635564,0.11832818194037761,0.018403092774992316,1.0,146.0,1.5644514963431648,520.0,
0.14491219692461946,8.805468760811817E-4,0.020143633206635564,0.11832818194037761,0.018403092774992316,1.0,146.0,1.5644514963431648,520.0,
0.14491219692461946,8.805468760811817E-4,0.020143633206635564,0.11832818194037761,0.018403092774992316,1.0,146.0,1.5644514963431648,520.0,
0.14491219692461946,8.805468760811817E-4,0.020143633206635564,0.11832818194037761,0.018403092774992316,1.0,146.0,1.5644514963431648,520.0,
0.14491219692461946,8.805468760811817E-4,0.020143633206635564,0.11832818194037761,0.018403092774992316,1.0,146.0,1.5644514963431648,520.0,
0.14491219692461946,8.805468760811817E-4,0.020143633206635564,0.11832818194037761,0.018403092774992316,1.0,146.0,1.5644514963431648,520.0,
0.14491219692461946,8.805468760811817E-4,0.020143633206635564,0.11832818194037761,0.018403092774992316,1.0,146.0,1.5644514963431648,520.0,
0.12922619716984832,8.912420414587939E-4,0.021695985563484402,0.12457215389164854,0.01687033929011197,1.0,145.0,1.656572001223348,508.0,
0.14129184314880225,0.0011902753144971464,0.020613378548455817,0.12121190044317516,0.01581728138325382,1.0,148.0,1.6082726221966686,503.0,
0.14159537366913566,0.0010842853504228894,0.021745234130194527,0.1352877455253193,0.016315839474210107,1.0,148.0,1.5113338884479761,529.0,
0.13992037932335416,0.0011577753887640017,0.019746998309587382,0.15315145765846291,0.01829549378591802,1.0,146.0,1.6221577121356507,505.0,
0.13992037932335416,0.0011577753887640017,0.019746998309587382,0.15315145765846291,0.01829549378591802,1.0,146.0,1.6221577121356507,505.0,
0.13992037932335416,0.0011577753887640017,0.019746998309587382,0.15315145765846291,0.01829549378591802,1.0,146.0,1.6221577121356507,505.0,
0.12734767831947755,0.0010943950988820711,0.018942586951575614,0.12017839555927017,0.019677108085619305,1.0,142.0,1.53756782982782,507.0,
0.12734767831947755,0.0010943950988820711,0.018942586951575614,0.12017839555927017,0.019677108085619305,1.0,142.0,1.53756782982782,507.0,
0.11851388557203496,0.001037623366086296,0.02099994768745489,0.13248741960525426,0.02342003865702665,1.0,144.0,1.641658561530526,488.0,
0.11789339786708171,0.001006960616514776,0.021686777256985167,0.12723115733457316,0.018758655910843674,1.0,152.0,1.6369554799110115,504.0,
0.11789339786708171,0.001006960616514776,0.021686777256985167,0.12723115733457316,0.018758655910843674,1.0,152.0,1.6369554799110115,504.0,
0.11815242022736262,0.0010296486420597415,0.018818743675368125,0.12666165407359786,0.015410221262891998,1.0,146.0,1.6190904026404973,478.0,
0.14055795991019437,9.373789636585426E-4,0.02080155755231655,0.12178273175733786,0.018956020522260017,1.0,143.0,1.5279257815557632,534.0,
0.13511801336102716,8.913460858324897E-4,0.019738893233638224,0.1430441487843083,0.01702438141506993,1.0,150.0,1.5644734097250113,546.0,
0.14401676765765786,8.555892622545021E-4,0.020815489190317192,0.16224382377730592,0.01740859395383919,1.0,147.0,1.5429320311411372,489.0,
0.16976170281213193,8.852998525839222E-4,0.02076521118773454,0.14477551504841119,0.01552575539084261,1.0,143.0,1.6673792796692803,470.0,
0.1636002325019638,9.011714787278947E-4,0.0197691831252942,0.14786965784184194,0.015970446051668925,1.0,144.0,1.6854150552359324,512.0,
0.1636002325019638,9.011714787278947E-4,0.0197691831252942,0.14786965784184194,0.015970446051668925,1.0,144.0,1.6854150552359324,512.0,
0.1636002325019638,9.011714787278947E-4,0.0197691831252942,0.14786965784184194,0.015970446051668925,1.0,144.0,1.6854150552359324,512.0,
0.14601727269939188,0.0010133654655255665,0.019604889162904416,0.1559224708938784,0.014477015116498232,1.0,146.0,1.7352076000870682,474.0,
0.14601727269939188,0.0010133654655255665,0.019604889162904416,0.1559224708938784,0.014477015116498232,1.0,146.0,1.7352076000870682,474.0,
0.14601727269939188,0.0010133654655255665,0.019604889162904416,0.1559224708938784,0.014477015116498232,1.0,146.0,1.7352076000870682,474.0,
0.14601727269939188,0.0010133654655255665,0.019604889162904416,0.1559224708938784,0.014477015116498232,1.0,146.0,1.7352076000870682,474.0,
0.14601727269939188,0.0010133654655255665,0.019604889162904416,0.1559224708938784,0.014477015116498232,1.0,146.0,1.7352076000870682,474.0,
0.16275601088938402,9.329344035521617E-4,0.020345728408527934,0.15884134196669372,0.0128428734960475,1.0,146.0,1.8839077721429955,510.0,
0.16275601088938402,9.329344035521617E-4,0.020345728408527934,0.15884134196669372,0.0128428734960475,1.0,146.0,1.8839077721429955,510.0,
0.16275601088938402,9.329344035521617E-4,0.020345728408527934,0.15884134196669372,0.0128428734960475,1.0,146.0,1.8839077721429955,510.0,
0.16275601088938402,9.329344035521617E-4,0.020345728408527934,0.15884134196669372,0.0128428734960475,1.0,146.0,1.8839077721429955,510.0,
0.16275601088938402,9.329344035521617E-4,0.020345728408527934,0.15884134196669372,0.0128428734960475,1.0,146.0,1.8839077721429955,510.0,
0.16275601088938402,9.329344035521617E-4,0.020345728408527934,0.15884134196669372,0.0128428734960475,1.0,146.0,1.8839077721429955,510.0,
0.16275601088938402,9.329344035521617E-4,0.020345728408527934,0.15884134196669372,0.0128428734960475,1.0,146.0,1.8839077721429955,510.0,
0.16309949467921894,8.913850997338094E-4,0.02012232316285252,0.15589710399341006,0.014499724530371952,1.0,147.0,1.5457149439845337,530.0,
0.16309949467921894,8.913850997338094E-4,0.02012232316285252,0.15589710399341006,0.014499724530371952,1.0,147.0,1.5457149439845337,530.0,
0.16309949467921894,8.913850997338094E-4,0.02012232316285252,0.15589710399341006,0.014499724530371952,1.0,147.0,1.5457149439845337,530.0,
0.16309949467921894,8.913850997338094E-4,0.02012232316285252,0.15589710399341006,0.014499724530371952,1.0,147.0,1.5457149439845337,530.0,
0.16309949467921894,8.913850997338094E-4,0.02012232316285252,0.15589710399341006,0.014499724530371952,1.0,147.0,1.5457149439845337,530.0,
0.16309949467921894,8.913850997338094E-4,0.02012232316285252,0.15589710399341006,0.014499724530371952,1.0,147.0,1.5457149439845337,530.0,
0.16309949467921894,8.913850997338094E-4,0.02012232316285252,0.15589710399341006,0.014499724530371952,1.0,147.0,1.5457149439845337,530.0,
0.16309949467921894,8.913850997338094E-4,0.02012232316285252,0.15589710399341006,0.014499724530371952,1.0,147.0,1.5457149439845337,530.0,
0.16309949467921894,8.913850997338094E-4,0.02012232316285252,0.15589710399341006,0.014499724530371952,1.0,147.0,1.5457149439845337,530.0,
0.16309949467921894,8.913850997338094E-4,0.02012232316285252,0.15589710399341006,0.014499724530371952,1.0,147.0,1.5457149439845337,530.0,
0.16309949467921894,8.913850997338094E-4,0.02012232316285252,0.15589710399341006,0.014499724530371952,1.0,147.0,1.5457149439845337,530.0,
0.16309949467921894,8.913850997338094E-4,0.02012232316285252,0.15589710399341006,0.014499724530371952,1.0,147.0,1.5457149439845337,530.0,
0.16309949467921894,8.913850997338094E-4,0.02012232316285252,0.15589710399341006,0.014499724530371952,1.0,147.0,1.5457149439845337,530.0,
0.16309949467921894,8.913850997338094E-4,0.02012232316285252,0.15589710399341006,0.014499724530371952,1.0,147.0,1.5457149439845337,530.0,
0.16309949467921894,8.913850997338094E-4,0.02012232316285252,0.15589710399341006,0.014499724530371952,1.0,147.0,1.5457149439845337,530.0,
0.16309949467921894,8.913850997338094E-4,0.02012232316285252,0.15589710399341006,0.014499724530371952,1.0,147.0,1.5457149439845337,530.0,
0.16309949467921894,8.913850997338094E-4,0.02012232316285252,0.15589710399341006,0.014499724530371952,1.0,147.0,1.5457149439845337,530.0,
0.16309949467921894,8.913850997338094E-4,0.02012232316285252,0.15589710399341006,0.014499724530371952,1.0,147.0,1.5457149439845337,530.0,
0.16309949467921894,8.913850997338094E-4,0.02012232316285252,0.15589710399341006,0.014499724530371952,1.0,147.0,1.5457149439845337,530.0,
0.16309949467921894,8.913850997338094E-4,0.02012232316285252,0.15589710399341006,0.014499724530371952,1.0,147.0,1.5457149439845337,530.0,
0.16309949467921894,8.913850997338094E-4,0.02012232316285252,0.15589710399341006,0.014499724530371952,1.0,147.0,1.5457149439845337,530.0,
0.16309949467921894,8.913850997338094E-4,0.02012232316285252,0.15589710399341006,0.014499724530371952,1.0,147.0,1.5457149439845337,530.0,
0.16309949467921894,8.913850997338094E-4,0.02012232316285252,0.15589710399341006,0.014499724530371952,1.0,147.0,1.5457149439845337,530.0,
0.16309949467921894,8.913850997338094E-4,0.02012232316285252,0.15589710399341006,0.014499724530371952,1.0,147.0,1.5457149439845337,530.0,
0.16309949467921894,8.913850997338094E-4,0.02012232316285252,0.15589710399341006,0.014499724530371952,1.0,147.0,1.5457149439845337,530.0,
0.16309949467921894,8.913850997338094E-4,0.02012232316285252,0.15589710399341006,0.014499724530371952,1.0,147.0,1.5457149439845337,530.0,
0.16309949467921894,8.913850997338094E-4,0.02012232316285252,0.15589710399341006,0.014499724530371952,1.0,147.0,1.5457149439845337,530.0,
0.16309949467921894,8.913850997338094E-4,0.02012232316285252,0.15589710399341006,0.014499724530371952,1.0,147.0,1.5457149439845337,530.0,
0.16309949467921894,8.913850997338094E-4,0.02012232316285252,0.15589710399341006,0.014499724530371952,1.0,147.0,1.5457149439845337,530.0,
0.16309949467921894,8.913850997338094E-4,0.02012232316285252,0.15589710399341006,0.014499724530371952,1.0,147.0,1.5457149439845337,530.0,
0.16309949467921894,8.913850997338094E-4,0.02012232316285252,0.15589710399341006,0.014499724530371952,1.0,147.0,1.5457149439845337,530.0,
0.16309949467921894,8.913850997338094E-4,0.02012232316285252,0.15589710399341006,0.014499724530371952,1.0,147.0,1.5457149439845337,530.0,
0.16309949467921894,8.913850997338094E-4,0.02012232316285252,0.15589710399341006,0.014499724530371952,1.0,147.0,1.5457149439845337,530.0,
0.16309949467921894,8.913850997338094E-4,0.02012232316285252,0.15589710399341006,0.014499724530371952,1.0,147.0,1.5457149439845337,530.0,
0.16309949467921894,8.913850997338094E-4,0.02012232316285252,0.15589710399341006,0.014499724530371952,1.0,147.0,1.5457149439845337,530.0,
0.16309949467921894,8.913850997338094E-4,0.02012232316285252,0.15589710399341006,0.014499724530371952,1.0,147.0,1.5457149439845337,530.0,
0.16309949467921894,8.913850997338094E-4,0.02012232316285252,0.15589710399341006,0.014499724530371952,1.0,147.0,1.5457149439845337,530.0,
0.16309949467921894,8.913850997338094E-4,0.02012232316285252,0.15589710399341006,0.014499724530371952,1.0,147.0,1.5457149439845337,530.0,
0.16309949467921894,8.913850997338094E-4,0.02012232316285252,0.15589710399341006,0.014499724530371952,1.0,147.0,1.5457149439845337,530.0,
0.16309949467921894,8.913850997338094E-4,0.02012232316285252,0.15589710399341006,0.014499724530371952,1.0,147.0,1.5457149439845337,530.0,
0.16309949467921894,8.913850997338094E-4,0.02012232316285252,0.15589710399341006,0.014499724530371952,1.0,147.0,1.5457149439845337,530.0,
0.16309949467921894,8.913850997338094E-4,0.02012232316285252,0.15589710399341006,0.014499724530371952,1.0,147.0,1.5457149439845337,530.0,
0.16309949467921894,8.913850997338094E-4,0.02012232316285252,0.15589710399341006,0.014499724530371952,1.0,147.0,1.5457149439845337,530.0,
0.16309949467921894,8.913850997338094E-4,0.02012232316285252,0.15589710399341006,0.014499724530371952,1.0,147.0,1.5457149439845337,530.0,
0.16309949467921894,8.913850997338094E-4,0.02012232316285252,0.15589710399341006,0.014499724530371952,1.0,147.0,1.5457149439845337,530.0,
0.16309949467921894,8.913850997338094E-4,0.02012232316285252,0.15589710399341006,0.014499724530371952,1.0,147.0,1.5457149439845337,530.0,
0.16309949467921894,8.913850997338094E-4,0.02012232316285252,0.15589710399341006,0.014499724530371952,1.0,147.0,1.5457149439845337,530.0,
0.16309949467921894,8.913850997338094E-4,0.02012232316285252,0.15589710399341006,0.014499724530371952,1.0,147.0,1.5457149439845337,530.0,
0.16325197220912396,8.770635177383833E-4,0.02013923434521315,0.16421232992664772,0.012584539750430071,1.0,147.0,1.5452620906437708,534.0,
0.15657388393418153,8.290852755060762E-4,0.019468251227700174,0.17150273779496986,0.013872755041628599,1.0,146.0,1.7344242367166511,562.0,
0.16617449784641747,0.0010327665528652148,0.020780789703338003,0.16745111284706582,0.014992330147688013,1.0,145.0,1.6819215698548537,555.0,
0.16617449784641747,0.0010327665528652148,0.020780789703338003,0.16745111284706582,0.014992330147688013,1.0,145.0,1.6819215698548537,555.0,
0.16617449784641747,0.0010327665528652148,0.020780789703338003,0.16745111284706582,0.014992330147688013,1.0,145.0,1.6819215698548537,555.0,
0.16617449784641747,0.0010327665528652148,0.020780789703338003,0.16745111284706582,0.014992330147688013,1.0,145.0,1.6819215698548537,555.0,
0.16268635952360294,8.773215028103768E-4,0.020521009745501126,0.15386233713228017,0.010976908396886535,1.0,142.0,1.8101769237035,492.0,
0.15727603177275876,9.805995091730117E-4,0.021658417434916952,0.16090439514391494,0.011405653523700439,1.0,144.0,1.7442577422398307,476.0,
0.15312309352821873,0.0010140714759246355,0.021496744721391927,0.15020556567861157,0.010552209563349416,1.0,145.0,1.7577943049990141,468.0,
0.15312309352821873,0.0010140714759246355,0.021496744721391927,0.15020556567861157,0.010552209563349416,1.0,145.0,1.7577943049990141,468.0,
0.15312309352821873,0.0010140714759246355,0.021496744721391927,0.15020556567861157,0.010552209563349416,1.0,145.0,1.7577943049990141,468.0,
0.15312309352821873,0.0010140714759246355,0.021496744721391927,0.15020556567861157,0.010552209563349416,1.0,145.0,1.7577943049990141,468.0,
0.15312309352821873,0.0010140714759246355,0.021496744721391927,0.15020556567861157,0.010552209563349416,1.0,145.0,1.7577943049990141,468.0,
0.15312309352821873,0.0010140714759246355,0.021496744721391927,0.15020556567861157,0.010552209563349416,1.0,145.0,1.7577943049990141,468.0,
0.15312309352821873,0.0010140714759246355,0.021496744721391927,0.15020556567861157,0.010552209563349416,1.0,145.0,1.7577943049990141,468.0,
0.15312309352821873,0.0010140714759246355,0.021496744721391927,0.15020556567861157,0.010552209563349416,1.0,145.0,1.7577943049990141,468.0,
0.16030594207908047,9.84221523600419E-4,0.02076871839210896,0.14376643070759784,0.01162794107328057,1.0,145.0,1.6854133336690544,459.0,
0.16030594207908047,9.84221523600419E-4,0.02076871839210896,0.14376643070759784,0.01162794107328057,1.0,145.0,1.6854133336690544,459.0,
0.16030594207908047,9.84221523600419E-4,0.02076871839210896,0.14376643070759784,0.01162794107328057,1.0,145.0,1.6854133336690544,459.0,
0.13947410198717164,9.003650255732347E-4,0.020835362701153704,0.1527378628486075,0.011068995438937548,1.0,148.0,1.591614279256654,480.0,
0.13947410198717164,9.003650255732347E-4,0.020835362701153704,0.1527378628486075,0.011068995438937548,1.0,148.0,1.591614279256654,480.0,
0.14379634487670315,0.0010176539467046002,0.021247804309303026,0.15963522085675436,0.011483813284531904,1.0,143.0,1.5504357321198567,527.0,
0.14379634487670315,0.0010176539467046002,0.021247804309303026,0.15963522085675436,0.011483813284531904,1.0,143.0,1.5504357321198567,527.0,
0.13638114340032564,9.827375585310734E-4,0.019968845833390963,0.16498192526071503,0.010609508873460582,1.0,141.0,1.6218606046914135,503.0,
0.13638114340032564,9.827375585310734E-4,0.019968845833390963,0.16498192526071503,0.010609508873460582,1.0,141.0,1.6218606046914135,503.0,
0.13638114340032564,9.827375585310734E-4,0.019968845833390963,0.16498192526071503,0.010609508873460582,1.0,141.0,1.6218606046914135,503.0,
0.13638114340032564,9.827375585310734E-4,0.019968845833390963,0.16498192526071503,0.010609508873460582,1.0,141.0,1.6218606046914135,503.0,
0.13638114340032564,9.827375585310734E-4,0.019968845833390963,0.16498192526071503,0.010609508873460582,1.0,141.0,1.6218606046914135,503.0,
0.13638114340032564,9.827375585310734E-4,0.019968845833390963,0.16498192526071503,0.010609508873460582,1.0,141.0,1.6218606046914135,503.0,
0.13142335450653508,0.001099480089137033,0.02100961776004513,0.16119078319524324,0.010162526827088252,1.0,146.0,1.6842473454366018,488.0,
0.13142335450653508,0.001099480089137033,0.02100961776004513,0.16119078319524324,0.010162526827088252,1.0,146.0,1.6842473454366018,488.0,
0.13142335450653508,0.001099480089137033,0.02100961776004513,0.16119078319524324,0.010162526827088252,1.0,146.0,1.6842473454366018,488.0,
0.13142335450653508,0.001099480089137033,0.02100961776004513,0.16119078319524324,0.010162526827088252,1.0,146.0,1.6842473454366018,488.0,
0.13142335450653508,0.001099480089137033,0.02100961776004513,0.16119078319524324,0.010162526827088252,1.0,146.0,1.6842473454366018,488.0,
0.13142335450653508,0.001099480089137033,0.02100961776004513,0.16119078319524324,0.010162526827088252,1.0,146.0,1.6842473454366018,488.0,
0.13142335450653508,0.001099480089137033,0.02100961776004513,0.16119078319524324,0.010162526827088252,1.0,146.0,1.6842473454366018,488.0,
0.141989907755976,0.0010831961853420764,0.02124537118670485,0.18330116898157367,0.009115652942552288,1.0,149.0,1.5930298384920378,468.0,
0.141989907755976,0.0010831961853420764,0.02124537118670485,0.18330116898157367,0.009115652942552288,1.0,149.0,1.5930298384920378,468.0,
0.141989907755976,0.0010831961853420764,0.02124537118670485,0.18330116898157367,0.009115652942552288,1.0,149.0,1.5930298384920378,468.0,
0.141989907755976,0.0010831961853420764,0.02124537118670485,0.18330116898157367,0.009115652942552288,1.0,149.0,1.5930298384920378,468.0,
0.141989907755976,0.0010831961853420764,0.02124537118670485,0.18330116898157367,0.009115652942552288,1.0,149.0,1.5930298384920378,468.0,
0.12633336296625697,0.001114822412807334,0.020956931781341444,0.14837608160661933,0.008073100421206264,1.0,143.0,1.596607653759913,501.0,
0.14350278107957826,0.0010402307633259104,0.02060536713981998,0.15146929413618368,0.008564730603779033,1.0,151.0,1.507303740410043,508.0,
0.14477943849502883,0.0011261725528509871,0.0206744995945592,0.16568436477411314,0.00874479903614454,1.0,145.0,1.7687590861860323,493.0,
0.14477943849502883,0.0011261725528509871,0.0206744995945592,0.16568436477411314,0.00874479903614454,1.0,145.0,1.7687590861860323,493.0,
0.14477943849502883,0.0011261725528509871,0.0206744995945592,0.16568436477411314,0.00874479903614454,1.0,145.0,1.7687590861860323,493.0,
0.14477943849502883,0.0011261725528509871,0.0206744995945592,0.16568436477411314,0.00874479903614454,1.0,145.0,1.7687590861860323,493.0,
0.14477943849502883,0.0011261725528509871,0.0206744995945592,0.16568436477411314,0.00874479903614454,1.0,145.0,1.7687590861860323,493.0,
0.14477943849502883,0.0011261725528509871,0.0206744995945592,0.16568436477411314,0.00874479903614454,1.0,145.0,1.7687590861860323,493.0,
0.14477943849502883,0.0011261725528509871,0.0206744995945592,0.16568436477411314,0.00874479903614454,1.0,145.0,1.7687590861860323,493.0,
0.14477943849502883,0.0011261725528509871,0.0206744995945592,0.16568436477411314,0.00874479903614454,1.0,145.0,1.7687590861860323,493.0,
0.14477943849502883,0.0011261725528509871,0.0206744995945592,0.16568436477411314,0.00874479903614454,1.0,145.0,1.7687590861860323,493.0,
0.14477943849502883,0.0011261725528509871,0.0206744995945592,0.16568436477411314,0.00874479903614454,1.0,145.0,1.7687590861860323,493.0,
0.14477943849502883,0.0011261725528509871,0.0206744995945592,0.16568436477411314,0.00874479903614454,1.0,145.0,1.7687590861860323,493.0,
0.14477943849502883,0.0011261725528509871,0.0206744995945592,0.16568436477411314,0.00874479903614454,1.0,145.0,1.7687590861860323,493.0,
0.14477943849502883,0.0011261725528509871,0.0206744995945592,0.16568436477411314,0.00874479903614454,1.0,145.0,1.7687590861860323,493.0,
0.14477943849502883,0.0011261725528509871,0.0206744995945592,0.16568436477411314,0.00874479903614454,1.0,145.0,1.7687590861860323,493.0,
0.14477943849502883,0.0011261725528509871,0.0206744995945592,0.16568436477411314,0.00874479903614454,1.0,145.0,1.7687590861860323,493.0,
0.14477943849502883,0.0011261725528509871,0.0206744995945592,0.16568436477411314,0.00874479903614454,1.0,145.0,1.7687590861860323,493.0,
0.14477943849502883,0.0011261725528509871,0.0206744995945592,0.16568436477411314,0.00874479903614454,1.0,145.0,1.7687590861860323,493.0,
0.14477943849502883,0.0011261725528509871,0.0206744995945592,0.16568436477411314,0.00874479903614454,1.0,145.0,1.7687590861860323,493.0,
0.14729321243629315,0.0010952126629047102,0.01895446921682719,0.14884466615056152,0.009884973555650113,1.0,145.0,1.687236637227507,492.0,
0.14729321243629315,0.0010952126629047102,0.01895446921682719,0.14884466615056152,0.009884973555650113,1.0,145.0,1.687236637227507,492.0,
0.14729321243629315,0.0010952126629047102,0.01895446921682719,0.14884466615056152,0.009884973555650113,1.0,145.0,1.687236637227507,492.0,
0.14729321243629315,0.0010952126629047102,0.01895446921682719,0.14884466615056152,0.009884973555650113,1.0,145.0,1.687236637227507,492.0,
0.14729321243629315,0.0010952126629047102,0.01895446921682719,0.14884466615056152,0.009884973555650113,1.0,145.0,1.687236637227507,492.0,
0.14729321243629315,0.0010952126629047102,0.01895446921682719,0.14884466615056152,0.009884973555650113,1.0,145.0,1.687236637227507,492.0,
0.14729321243629315,0.0010952126629047102,0.01895446921682719,0.14884466615056152,0.009884973555650113,1.0,145.0,1.687236637227507,492.0,
0.14729321243629315,0.0010952126629047102,0.01895446921682719,0.14884466615056152,0.009884973555650113,1.0,145.0,1.687236637227507,492.0,
0.15641599459563285,9.25325482669349E-4,0.02030644711349258,0.18557008146839943,0.010798922173870237,1.0,145.0,1.7697902222363098,550.0,
0.15641599459563285,9.25325482669349E-4,0.02030644711349258,0.18557008146839943,0.010798922173870237,1.0,145.0,1.7697902222363098,550.0,
0.15641599459563285,9.25325482669349E-4,0.02030644711349258,0.18557008146839943,0.010798922173870237,1.0,145.0,1.7697902222363098,550.0,
0.15641599459563285,9.25325482669349E-4,0.02030644711349258,0.18557008146839943,0.010798922173870237,1.0,145.0,1.7697902222363098,550.0,
0.15641599459563285,9.25325482669349E-4,0.02030644711349258,0.18557008146839943,0.010798922173870237,1.0,145.0,1.7697902222363098,550.0,
0.15641599459563285,9.25325482669349E-4,0.02030644711349258,0.18557008146839943,0.010798922173870237,1.0,145.0,1.7697902222363098,550.0,
0.15641599459563285,9.25325482669349E-4,0.02030644711349258,0.18557008146839943,0.010798922173870237,1.0,145.0,1.7697902222363098,550.0,
0.15641599459563285,9.25325482669349E-4,0.02030644711349258,0.18557008146839943,0.010798922173870237,1.0,145.0,1.7697902222363098,550.0,
0.15641599459563285,9.25325482669349E-4,0.02030644711349258,0.18557008146839943,0.010798922173870237,1.0,145.0,1.7697902222363098,550.0,
0.15641599459563285,9.25325482669349E-4,0.02030644711349258,0.18557008146839943,0.010798922173870237,1.0,145.0,1.7697902222363098,550.0,
0.15641599459563285,9.25325482669349E-4,0.02030644711349258,0.18557008146839943,0.010798922173870237,1.0,145.0,1.7697902222363098,550.0,
0.16133227558185192,0.001138575398301502,0.020245886470773702,0.1942812943689376,0.01255495513870303,1.0,147.0,1.7616649507266198,479.0,
0.16324481912459174,0.001238392563131016,0.018248149364232587,0.20348631261857333,0.010210690582033699,1.0,143.0,1.6051233993188996,503.0,
0.16324481912459174,0.001238392563131016,0.018248149364232587,0.20348631261857333,0.010210690582033699,1.0,143.0,1.6051233993188996,503.0,
0.16176625321998359,0.0012424632453594665,0.020863404494543436,0.2021241618677233,0.010735781112061716,1.0,143.0,1.6529057850550406,559.0,
0.16176625321998359,0.0012424632453594665,0.020863404494543436,0.2021241618677233,0.010735781112061716,1.0,143.0,1.6529057850550406,559.0,
0.15062962774652552,0.0012293003550132673,0.02049683917414133,0.19151327231456314,0.01030157554746224,1.0,146.0,1.6881866178945055,557.0,
0.1405460350428706,0.0010619112479605326,0.02153190242241136,0.14462060195555618,0.012074068560352792,1.0,141.0,1.817480396839783,557.0,
0.14475757827694366,0.0010598513774115906,0.023393833682053413,0.1594436552036879,0.013377850077298697,1.0,145.0,1.7232619584887694,517.0,
0.13014736318655212,8.776004171213569E-4,0.019306867119691696,0.17309799217525854,0.013468201635842815,1.0,149.0,1.7529131629155892,510.0,
0.13014736318655212,8.776004171213569E-4,0.019306867119691696,0.17309799217525854,0.013468201635842815,1.0,149.0,1.7529131629155892,510.0,
0.12654164368105522,9.436591358565009E-4,0.021993310820473098,0.18137297878913736,0.015175937758417126,1.0,146.0,1.8747957267669064,480.0,
0.15081653810546392,0.0010617709385161885,0.022161932829933995,0.2030443314734581,0.015077122083811414,1.0,144.0,2.1206934940860114,505.0,
0.15081653810546392,0.0010617709385161885,0.022161932829933995,0.2030443314734581,0.015077122083811414,1.0,144.0,2.1206934940860114,505.0,
0.15081653810546392,0.0010617709385161885,0.022161932829933995,0.2030443314734581,0.015077122083811414,1.0,144.0,2.1206934940860114,505.0,
0.15832197542057033,0.0010148605432961498,0.018903671902753102,0.20595393336810186,0.014376592184739783,1.0,144.0,2.3142130958362905,491.0,
0.15832197542057033,0.0010148605432961498,0.018903671902753102,0.20595393336810186,0.014376592184739783,1.0,144.0,2.3142130958362905,491.0,
0.13775767699269917,9.623132630084642E-4,0.02116370423358375,0.20094165704906833,0.011950857843733526,1.0,146.0,2.091140534309754,514.0,
0.13775767699269917,9.623132630084642E-4,0.02116370423358375,0.20094165704906833,0.011950857843733526,1.0,146.0,2.091140534309754,514.0,
0.13775767699269917,9.623132630084642E-4,0.02116370423358375,0.20094165704906833,0.011950857843733526,1.0,146.0,2.091140534309754,514.0,
0.13775767699269917,9.623132630084642E-4,0.02116370423358375,0.20094165704906833,0.011950857843733526,1.0,146.0,2.091140534309754,514.0,
0.13775767699269917,9.623132630084642E-4,0.02116370423358375,0.20094165704906833,0.011950857843733526,1.0,146.0,2.091140534309754,514.0,
0.13775767699269917,9.623132630084642E-4,0.02116370423358375,0.20094165704906833,0.011950857843733526,1.0,146.0,2.091140534309754,514.0,
0.13775767699269917,9.623132630084642E-4,0.02116370423358375,0.20094165704906833,0.011950857843733526,1.0,146.0,2.091140534309754,514.0,
0.13775767699269917,9.623132630084642E-4,0.02116370423358375,0.20094165704906833,0.011950857843733526,1.0,146.0,2.091140534309754,514.0,
0.13775767699269917,9.623132630084642E-4,0.02116370423358375,0.20094165704906833,0.011950857843733526,1.0,146.0,2.091140534309754,514.0,
0.1456938630794427,8.891744158839698E-4,0.0200394846445415,0.1895398660914809,0.011887037125910525,1.0,147.0,2.267252818458809,507.0,
0.1456938630794427,8.891744158839698E-4,0.0200394846445415,0.1895398660914809,0.011887037125910525,1.0,147.0,2.267252818458809,507.0,
0.1456938630794427,8.891744158839698E-4,0.0200394846445415,0.1895398660914809,0.011887037125910525,1.0,147.0,2.267252818458809,507.0,
0.1456938630794427,8.891744158839698E-4,0.0200394846445415,0.1895398660914809,0.011887037125910525,1.0,147.0,2.267252818458809,507.0,
0.1456938630794427,8.891744158839698E-4,0.0200394846445415,0.1895398660914809,0.011887037125910525,1.0,147.0,2.267252818458809,507.0,
0.1456938630794427,8.891744158839698E-4,0.0200394846445415,0.1895398660914809,0.011887037125910525,1.0,147.0,2.267252818458809,507.0,
0.1456938630794427,8.891744158839698E-4,0.0200394846445415,0.1895398660914809,0.011887037125910525,1.0,147.0,2.267252818458809,507.0,
0.1456938630794427,8.891744158839698E-4,0.0200394846445415,0.1895398660914809,0.011887037125910525,1.0,147.0,2.267252818458809,507.0,
0.1456938630794427,8.891744158839698E-4,0.0200394846445415,0.1895398660914809,0.011887037125910525,1.0,147.0,2.267252818458809,507.0,
0.1456938630794427,8.891744158839698E-4,0.0200394846445415,0.1895398660914809,0.011887037125910525,1.0,147.0,2.267252818458809,507.0,
0.1456938630794427,8.891744158839698E-4,0.0200394846445415,0.1895398660914809,0.011887037125910525,1.0,147.0,2.267252818458809,507.0,
0.1456938630794427,8.891744158839698E-4,0.0200394846445415,0.1895398660914809,0.011887037125910525,1.0,147.0,2.267252818458809,507.0,
0.1456938630794427,8.891744158839698E-4,0.0200394846445415,0.1895398660914809,0.011887037125910525,1.0,147.0,2.267252818458809,507.0,
0.1456938630794427,8.891744158839698E-4,0.0200394846445415,0.1895398660914809,0.011887037125910525,1.0,147.0,2.267252818458809,507.0,
0.1456938630794427,8.891744158839698E-4,0.0200394846445415,0.1895398660914809,0.011887037125910525,1.0,147.0,2.267252818458809,507.0,
0.1456938630794427,8.891744158839698E-4,0.0200394846445415,0.1895398660914809,0.011887037125910525,1.0,147.0,2.267252818458809,507.0,
0.1456938630794427,8.891744158839698E-4,0.0200394846445415,0.1895398660914809,0.011887037125910525,1.0,147.0,2.267252818458809,507.0,
0.1456938630794427,8.891744158839698E-4,0.0200394846445415,0.1895398660914809,0.011887037125910525,1.0,147.0,2.267252818458809,507.0,
0.1456938630794427,8.891744158839698E-4,0.0200394846445415,0.1895398660914809,0.011887037125910525,1.0,147.0,2.267252818458809,507.0,
0.1456938630794427,8.891744158839698E-4,0.0200394846445415,0.1895398660914809,0.011887037125910525,1.0,147.0,2.267252818458809,507.0,
0.1456938630794427,8.891744158839698E-4,0.0200394846445415,0.1895398660914809,0.011887037125910525,1.0,147.0,2.267252818458809,507.0,
0.1456938630794427,8.891744158839698E-4,0.0200394846445415,0.1895398660914809,0.011887037125910525,1.0,147.0,2.267252818458809,507.0,
0.1456938630794427,8.891744158839698E-4,0.0200394846445415,0.1895398660914809,0.011887037125910525,1.0,147.0,2.267252818458809,507.0,
0.1456938630794427,8.891744158839698E-4,0.0200394846445415,0.1895398660914809,0.011887037125910525,1.0,147.0,2.267252818458809,507.0,
0.1456938630794427,8.891744158839698E-4,0.0200394846445415,0.1895398660914809,0.011887037125910525,1.0,147.0,2.267252818458809,507.0,
0.1456938630794427,8.891744158839698E-4,0.0200394846445415,0.1895398660914809,0.011887037125910525,1.0,147.0,2.267252818458809,507.0,
0.1456938630794427,8.891744158839698E-4,0.0200394846445415,0.1895398660914809,0.011887037125910525,1.0,147.0,2.267252818458809,507.0,
0.1456938630794427,8.891744158839698E-4,0.0200394846445415,0.1895398660914809,0.011887037125910525,1.0,147.0,2.267252818458809,507.0,
0.1456938630794427,8.891744158839698E-4,0.0200394846445415,0.1895398660914809,0.011887037125910525,1.0,147.0,2.267252818458809,507.0,
0.1456938630794427,8.891744158839698E-4,0.0200394846445415,0.1895398660914809,0.011887037125910525,1.0,147.0,2.267252818458809,507.0,
0.1456938630794427,8.891744158839698E-4,0.0200394846445415,0.1895398660914809,0.011887037125910525,1.0,147.0,2.267252818458809,507.0,
0.1456938630794427,8.891744158839698E-4,0.0200394846445415,0.1895398660914809,0.011887037125910525,1.0,147.0,2.267252818458809,507.0,
0.1456938630794427,8.891744158839698E-4,0.0200394846445415,0.1895398660914809,0.011887037125910525,1.0,147.0,2.267252818458809,507.0,
0.1456938630794427,8.891744158839698E-4,0.0200394846445415,0.1895398660914809,0.011887037125910525,1.0,147.0,2.267252818458809,507.0,
0.13621310058923256,9.459302680235271E-4,0.019927955590851514,0.19066505182982868,0.012573749726035005,1.0,147.0,1.7750455778064982,525.0,
0.13621310058923256,9.459302680235271E-4,0.019927955590851514,0.19066505182982868,0.012573749726035005,1.0,147.0,1.7750455778064982,525.0,
0.13621310058923256,9.459302680235271E-4,0.019927955590851514,0.19066505182982868,0.012573749726035005,1.0,147.0,1.7750455778064982,525.0,
0.13621310058923256,9.459302680235271E-4,0.019927955590851514,0.19066505182982868,0.012573749726035005,1.0,147.0,1.7750455778064982,525.0,
0.15609755006184206,0.00102571393851287,0.02093164002586818,0.19299008595678807,0.015443029749352922,1.0,145.0,1.6431349464837208,482.0,
0.15369669263225588,9.876030175935428E-4,0.021119993151497114,0.20906194905899173,0.014128673678502863,1.0,144.0,1.5962338625660257,513.0,
0.15369669263225588,9.876030175935428E-4,0.021119993151497114,0.20906194905899173,0.014128673678502863,1.0,144.0,1.5962338625660257,513.0,
0.15970533112603147,9.557046299365459E-4,0.019909793869207684,0.1893394140805478,0.013027636876718094,1.0,148.0,1.818061866430132,510.0,
0.16298936365600086,0.001019809022829905,0.020008225075500992,0.19158227198078323,0.014514083144173514,1.0,142.0,1.6965648268386706,473.0,
0.17196475955583726,9.948107996496586E-4,0.01994047549136329,0.16418734726879233,0.014919605560060414,1.0,147.0,1.7306338073475132,517.0,
0.17196475955583726,9.948107996496586E-4,0.01994047549136329,0.16418734726879233,0.014919605560060414,1.0,147.0,1.7306338073475132,517.0,
0.17196475955583726,9.948107996496586E-4,0.01994047549136329,0.16418734726879233,0.014919605560060414,1.0,147.0,1.7306338073475132,517.0,
0.17196475955583726,9.948107996496586E-4,0.01994047549136329,0.16418734726879233,0.014919605560060414,1.0,147.0,1.7306338073475132,517.0,
0.17196475955583726,9.948107996496586E-4,0.01994047549136329,0.16418734726879233,0.014919605560060414,1.0,147.0,1.7306338073475132,517.0,
0.17196475955583726,9.948107996496586E-4,0.01994047549136329,0.16418734726879233,0.014919605560060414,1.0,147.0,1.7306338073475132,517.0,
0.17196475955583726,9.948107996496586E-4,0.01994047549136329,0.16418734726879233,0.014919605560060414,1.0,147.0,1.7306338073475132,517.0,
0.17196475955583726,9.948107996496586E-4,0.01994047549136329,0.16418734726879233,0.014919605560060414,1.0,147.0,1.7306338073475132,517.0,
0.17196475955583726,9.948107996496586E-4,0.01994047549136329,0.16418734726879233,0.014919605560060414,1.0,147.0,1.7306338073475132,517.0,
0.17196475955583726,9.948107996496586E-4,0.01994047549136329,0.16418734726879233,0.014919605560060414,1.0,147.0,1.7306338073475132,517.0,
0.17196475955583726,9.948107996496586E-4,0.01994047549136329,0.16418734726879233,0.014919605560060414,1.0,147.0,1.7306338073475132,517.0,
0.17196475955583726,9.948107996496586E-4,0.01994047549136329,0.16418734726879233,0.014919605560060414,1.0,147.0,1.7306338073475132,517.0,
0.14001114871321618,9.415037654703055E-4,0.020247157995312782,0.1813391103652735,0.011796501668891866,1.0,146.0,1.7056968325151138,505.0,
0.14001114871321618,9.415037654703055E-4,0.020247157995312782,0.1813391103652735,0.011796501668891866,1.0,146.0,1.7056968325151138,505.0,
0.14001114871321618,9.415037654703055E-4,0.020247157995312782,0.1813391103652735,0.011796501668891866,1.0,146.0,1.7056968325151138,505.0,
0.14001114871321618,9.415037654703055E-4,0.020247157995312782,0.1813391103652735,0.011796501668891866,1.0,146.0,1.7056968325151138,505.0,
0.14001114871321618,9.415037654703055E-4,0.020247157995312782,0.1813391103652735,0.011796501668891866,1.0,146.0,1.7056968325151138,505.0,
0.14001114871321618,9.415037654703055E-4,0.020247157995312782,0.1813391103652735,0.011796501668891866,1.0,146.0,1.7056968325151138,505.0,
0.14001114871321618,9.415037654703055E-4,0.020247157995312782,0.1813391103652735,0.011796501668891866,1.0,146.0,1.7056968325151138,505.0,
0.14001114871321618,9.415037654703055E-4,0.020247157995312782,0.1813391103652735,0.011796501668891866,1.0,146.0,1.7056968325151138,505.0,
0.14001114871321618,9.415037654703055E-4,0.020247157995312782,0.1813391103652735,0.011796501668891866,1.0,146.0,1.7056968325151138,505.0,
0.14001114871321618,9.415037654703055E-4,0.020247157995312782,0.1813391103652735,0.011796501668891866,1.0,146.0,1.7056968325151138,505.0,
0.14001114871321618,9.415037654703055E-4,0.020247157995312782,0.1813391103652735,0.011796501668891866,1.0,146.0,1.7056968325151138,505.0,
0.14001114871321618,9.415037654703055E-4,0.020247157995312782,0.1813391103652735,0.011796501668891866,1.0,146.0,1.7056968325151138,505.0,
0.14001114871321618,9.415037654703055E-4,0.020247157995312782,0.1813391103652735,0.011796501668891866,1.0,146.0,1.7056968325151138,505.0,
0.14001114871321618,9.415037654703055E-4,0.020247157995312782,0.1813391103652735,0.011796501668891866,1.0,146.0,1.7056968325151138,505.0,
0.14001114871321618,9.415037654703055E-4,0.020247157995312782,0.1813391103652735,0.011796501668891866,1.0,146.0,1.7056968325151138,505.0,
0.14001114871321618,9.415037654703055E-4,0.020247157995312782,0.1813391103652735,0.011796501668891866,1.0,146.0,1.7056968325151138,505.0,
0.14001114871321618,9.415037654703055E-4,0.020247157995312782,0.1813391103652735,0.011796501668891866,1.0,146.0,1.7056968325151138,505.0,
0.14001114871321618,9.415037654703055E-4,0.020247157995312782,0.1813391103652735,0.011796501668891866,1.0,146.0,1.7056968325151138,505.0,
0.14001114871321618,9.415037654703055E-4,0.020247157995312782,0.1813391103652735,0.011796501668891866,1.0,146.0,1.7056968325151138,505.0,
0.14001114871321618,9.415037654703055E-4,0.020247157995312782,0.1813391103652735,0.011796501668891866,1.0,146.0,1.7056968325151138,505.0,
0.14001114871321618,9.415037654703055E-4,0.020247157995312782,0.1813391103652735,0.011796501668891866,1.0,146.0,1.7056968325151138,505.0,
0.14001114871321618,9.415037654703055E-4,0.020247157995312782,0.1813391103652735,0.011796501668891866,1.0,146.0,1.7056968325151138,505.0,
0.14001114871321618,9.415037654703055E-4,0.020247157995312782,0.1813391103652735,0.011796501668891866,1.0,146.0,1.7056968325151138,505.0,
0.14001114871321618,9.415037654703055E-4,0.020247157995312782,0.1813391103652735,0.011796501668891866,1.0,146.0,1.7056968325151138,505.0,
0.14001114871321618,9.415037654703055E-4,0.020247157995312782,0.1813391103652735,0.011796501668891866,1.0,146.0,1.7056968325151138,505.0,
0.14001114871321618,9.415037654703055E-4,0.020247157995312782,0.1813391103652735,0.011796501668891866,1.0,146.0,1.7056968325151138,505.0,
0.14001114871321618,9.415037654703055E-4,0.020247157995312782,0.1813391103652735,0.011796501668891866,1.0,146.0,1.7056968325151138,505.0,
0.14001114871321618,9.415037654703055E-4,0.020247157995312782,0.1813391103652735,0.011796501668891866,1.0,146.0,1.7056968325151138,505.0,
0.14001114871321618,9.415037654703055E-4,0.020247157995312782,0.1813391103652735,0.011796501668891866,1.0,146.0,1.7056968325151138,505.0,
0.14001114871321618,9.415037654703055E-4,0.020247157995312782,0.1813391103652735,0.011796501668891866,1.0,146.0,1.7056968325151138,505.0,
0.14001114871321618,9.415037654703055E-4,0.020247157995312782,0.1813391103652735,0.011796501668891866,1.0,146.0,1.7056968325151138,505.0,
0.14001114871321618,9.415037654703055E-4,0.020247157995312782,0.1813391103652735,0.011796501668891866,1.0,146.0,1.7056968325151138,505.0,
0.14001114871321618,9.415037654703055E-4,0.020247157995312782,0.1813391103652735,0.011796501668891866,1.0,146.0,1.7056968325151138,505.0,
0.14001114871321618,9.415037654703055E-4,0.020247157995312782,0.1813391103652735,0.011796501668891866,1.0,146.0,1.7056968325151138,505.0,
0.14001114871321618,9.415037654703055E-4,0.020247157995312782,0.1813391103652735,0.011796501668891866,1.0,146.0,1.7056968325151138,505.0,
0.14001114871321618,9.415037654703055E-4,0.020247157995312782,0.1813391103652735,0.011796501668891866,1.0,146.0,1.7056968325151138,505.0,
0.14001114871321618,9.415037654703055E-4,0.020247157995312782,0.1813391103652735,0.011796501668891866,1.0,146.0,1.7056968325151138,505.0,
0.14001114871321618,9.415037654703055E-4,0.020247157995312782,0.1813391103652735,0.011796501668891866,1.0,146.0,1.7056968325151138,505.0,
0.14001114871321618,9.415037654703055E-4,0.020247157995312782,0.1813391103652735,0.011796501668891866,1.0,146.0,1.7056968325151138,505.0,
0.14001114871321618,9.415037654703055E-4,0.020247157995312782,0.1813391103652735,0.011796501668891866,1.0,146.0,1.7056968325151138,505.0,
0.14001114871321618,9.415037654703055E-4,0.020247157995312782,0.1813391103652735,0.011796501668891866,1.0,146.0,1.7056968325151138,505.0,
0.14001114871321618,9.415037654703055E-4,0.020247157995312782,0.1813391103652735,0.011796501668891866,1.0,146.0,1.7056968325151138,505.0,
0.14001114871321618,9.415037654703055E-4,0.020247157995312782,0.1813391103652735,0.011796501668891866,1.0,146.0,1.7056968325151138,505.0,
