T_0,T_1,T_2,T_3,T_4,T_5,T_6,T_7,T_8,T_9,T_10,T_11,T_12,T_13,
0,4,31,69,117,687,307,176,74,31,12,3,1,0,
0,3,22,65,121,653,307,155,60,28,12,4,
0,2,19,56,112,758,352,173,62,25,11,7,1,0,
0,3,23,79,126,723,314,153,66,26,9,8,2,0,
0,3,28,69,108,723,316,166,58,16,16,7,1,0,
0,2,20,60,120,692,338,194,73,20,12,4,
0,2,20,60,120,692,338,194,73,20,12,4,
0,3,23,61,106,715,304,147,63,22,9,2,
0,2,23,66,105,698,304,149,64,19,10,7,3,0,
0,2,23,66,105,698,304,149,64,19,10,7,3,0,
0,3,21,66,121,661,340,137,48,20,17,8,4,0,
0,3,25,72,105,723,330,147,56,28,9,4,
0,3,22,68,104,648,329,149,70,25,10,2,
0,3,21,58,118,685,334,153,51,18,11,5,
0,2,19,69,128,693,354,173,80,32,18,7,1,0,
0,3,29,79,121,718,348,153,58,25,8,8,1,0,
0,3,18,60,120,661,349,144,62,23,10,4,
0,3,22,62,114,699,367,170,77,29,9,7,1,0,
0,1,19,79,149,691,276,155,60,26,9,2,
0,3,19,59,104,731,303,156,81,29,19,3,
0,3,19,59,104,731,303,156,81,29,19,3,
0,2,24,60,102,658,344,187,61,22,15,11,2,
0,1,22,73,115,739,312,143,59,28,16,5,1,0,
0,3,18,60,105,723,309,146,58,18,9,7,7,4,
0,1,22,72,116,657,333,149,55,23,13,7,3,1,
0,2,18,52,98,665,354,163,69,32,15,7,3,0,
0,1,12,68,124,648,305,157,49,25,13,7,2,0,
0,2,25,61,141,671,311,148,48,22,9,7,1,
0,2,22,79,108,696,337,134,55,24,8,
0,2,27,89,107,732,312,162,69,26,11,7,3,0,
0,3,23,69,118,659,304,142,53,17,7,2,
0,3,23,72,112,733,307,163,81,24,12,7,2,0,
0,2,20,69,118,757,323,156,64,25,10,2,
0,1,18,63,114,747,364,167,61,33,16,7,3,0,
0,1,19,46,106,706,334,157,56,30,19,10,4,0,
0,2,22,79,116,677,340,150,57,22,11,4,3,0,
0,3,19,62,124,757,344,157,57,24,11,7,2,0,
0,2,20,73,117,680,317,139,60,20,7,7,2,0,
0,2,18,75,168,758,336,135,45,22,13,7,3,1,
0,1,14,65,133,802,313,173,69,36,17,5,0,5,
0,1,18,84,137,707,311,177,71,26,8,5,
0,1,19,56,109,708,322,169,55,27,11,3,
0,2,18,76,113,740,332,144,63,24,9,7,1,0,
0,1,19,61,106,670,336,130,54,30,17,7,7,1,
0,1,18,75,155,676,322,148,61,26,9,7,1,1,
0,1,15,73,106,700,361,166,69,26,9,7,4,0,
0,1,15,73,123,705,341,143,55,31,19,8,1,0,
0,1,22,70,99,734,334,142,55,18,7,1,
0,1,17,60,119,711,342,136,46,20,11,4,
0,2,24,83,106,706,347,168,64,21,11,7,6,0,
0,1,16,69,149,736,312,153,58,26,14,9,2,3,
0,1,18,61,121,665,311,153,66,28,16,7,2,
0,1,18,61,121,665,311,153,66,28,16,7,2,
0,3,19,70,114,691,337,167,60,29,16,7,0,3,
0,3,19,70,114,691,337,167,60,29,16,7,0,3,
0,3,26,79,128,664,304,142,51,18,9,7,2,0,
0,3,26,79,128,664,304,142,51,18,9,7,2,0,
0,2,23,73,122,708,335,162,51,17,7,7,2,0,
0,2,23,73,122,708,335,162,51,17,7,7,2,0,
0,2,23,73,122,708,335,162,51,17,7,7,2,0,
0,2,23,75,126,679,275,184,69,32,16,3,
0,2,18,66,103,764,358,166,62,22,10,6,
0,3,23,65,115,629,296,168,61,23,20,8,
0,3,23,73,142,677,329,153,54,17,10,2,
0,3,26,65,109,718,357,156,63,19,11,7,2,0,
0,3,23,84,130,688,320,160,73,28,12,8,3,0,
0,3,29,71,105,696,328,135,57,20,11,6,
0,3,25,77,145,695,325,151,56,32,16,5,
0,3,25,65,145,757,319,134,60,26,10,2,
0,3,25,72,115,669,284,158,73,23,8,6,2,0,
0,3,16,69,142,723,369,151,48,15,9,6,1,0,
0,3,16,69,142,723,369,151,48,15,9,6,1,0,
0,2,28,81,123,669,348,140,68,33,17,7,0,0,
0,3,20,76,140,700,335,157,61,28,14,6,
0,3,20,77,137,717,334,166,68,28,14,8,1,0,
0,2,18,70,120,692,337,135,55,24,10,7,1,0,
0,2,16,57,107,741,302,132,71,22,14,7,2,0,
0,2,19,73,119,776,356,172,91,30,10,
0,1,22,79,111,700,350,143,56,27,15,9,1,0,
0,1,22,79,111,700,350,143,56,27,15,9,1,0,
0,2,23,74,131,683,355,158,68,24,10,8,1,0,
0,1,18,63,102,727,363,143,69,26,10,6,
0,2,23,80,126,653,292,143,69,23,9,5,0,0,
0,3,23,66,102,671,370,173,77,32,13,6,4,0,
0,2,18,69,124,686,368,140,63,25,9,7,1,0,
0,3,20,55,95,689,351,156,62,22,10,7,3,0,
0,1,22,70,114,752,304,185,68,24,10,2,1,0,
0,2,20,61,118,717,354,164,68,26,13,6,1,0,
0,3,21,66,109,704,324,161,63,23,19,9,8,2,
0,2,21,71,108,721,338,186,50,21,16,4,1,0,
0,2,21,71,108,721,338,186,50,21,16,4,1,0,
0,2,20,71,138,716,292,110,48,26,8,
0,2,20,71,138,716,292,110,48,26,8,
0,2,23,86,134,682,367,163,52,20,14,6,2,0,
0,2,22,80,136,678,329,156,56,15,7,
0,2,18,71,133,747,348,177,72,28,9,5,
0,2,19,75,90,707,332,140,54,17,10,6,4,3,
0,2,16,64,113,716,321,150,61,25,10,7,1,0,
0,1,18,63,101,640,312,146,54,27,10,8,4,0,
0,2,19,78,119,730,312,157,58,21,13,7,1,0,
0,3,18,76,108,690,283,158,64,26,16,4,0,
0,2,13,67,110,710,318,196,69,25,12,4,
0,2,16,63,115,727,305,182,81,29,11,5,1,3,
0,2,29,86,132,682,364,152,62,26,5,
0,2,21,66,103,713,320,137,66,29,15,5,
0,2,23,82,139,703,335,145,61,19,7,
0,4,24,87,130,745,330,116,46,26,12,7,4,0,
0,2,16,60,107,764,308,131,66,32,16,7,1,0,
0,3,20,65,120,666,346,162,50,22,17,7,2,0,
0,2,20,66,104,710,318,139,54,21,8,4,0,1,
0,2,20,62,119,732,317,174,69,25,15,7,3,0,
0,1,18,77,122,740,339,161,61,20,14,9,3,0,
0,1,22,72,97,722,317,167,75,32,21,8,2,0,
0,2,18,68,125,681,374,154,61,28,12,7,4,0,
0,2,24,69,109,754,309,137,59,27,13,3,1,6,
0,2,19,75,107,653,359,163,74,31,11,
0,2,22,78,102,683,317,142,66,22,14,11,1,0,
0,1,19,73,112,719,343,161,57,18,10,4,
0,2,18,63,105,674,365,167,57,21,14,4,
0,2,24,87,135,758,302,170,67,21,13,4,
0,3,28,70,114,751,317,140,57,25,12,4,
0,3,20,64,132,717,289,123,63,23,8,5,4,0,
0,2,23,72,120,733,320,159,79,28,20,9,2,
0,2,20,74,112,668,360,161,63,31,9,
0,2,21,77,130,696,303,120,74,30,10,3,
0,2,20,66,97,677,337,166,69,26,11,7,1,0,
0,2,20,66,97,677,337,166,69,26,11,7,1,0,
0,2,24,84,124,703,325,176,65,23,8,
0,3,26,74,148,743,314,148,67,30,10,6,1,
0,5,25,63,132,674,300,158,68,26,12,7,6,0,
0,2,23,76,126,733,359,162,68,24,9,7,1,0,
0,2,20,62,105,694,349,150,65,28,15,7,1,0,
0,2,14,65,120,672,325,174,62,21,14,4,0,0,
0,3,21,60,132,700,317,170,73,26,10,3,0,
0,2,23,75,110,762,341,157,64,23,14,7,1,0,
0,2,20,67,116,673,320,166,70,29,14,7,2,
0,3,21,74,134,691,336,155,55,17,9,5,
0,3,21,74,134,691,336,155,55,17,9,5,
0,3,21,74,134,691,336,155,55,17,9,5,
0,3,21,74,134,691,336,155,55,17,9,5,
0,2,18,64,116,692,346,142,44,17,13,
0,2,18,65,116,632,328,154,57,22,7,7,
0,4,22,67,123,719,297,139,63,25,10,4,
0,2,19,63,106,729,313,134,65,27,10,2,
0,2,24,82,121,734,329,162,68,35,14,5,3,0,
0,2,17,57,127,688,301,126,51,22,7,4,
0,3,25,70,113,663,324,174,78,31,11,7,5,0,
0,3,19,63,114,718,335,154,67,25,12,7,3,0,
0,2,23,79,127,761,323,150,68,31,10,7,1,0,
0,3,18,71,111,681,319,145,65,31,10,3,
0,3,18,71,111,681,319,145,65,31,10,3,
0,2,15,61,116,698,349,133,63,41,20,8,5,0,
0,2,18,79,112,817,334,141,53,24,9,
0,2,18,79,112,817,334,141,53,24,9,
0,2,16,64,119,794,336,144,60,34,14,6,1,0,
0,1,15,66,120,702,326,155,83,38,13,5,0,
0,1,15,66,120,702,326,155,83,38,13,5,0,
0,1,19,70,118,680,320,151,69,27,15,7,3,0,
0,2,22,79,144,744,330,158,62,25,9,7,1,0,
0,2,16,65,121,749,333,138,62,26,16,7,1,1,
0,2,22,57,121,760,344,146,57,23,14,7,5,0,
0,3,27,87,114,641,361,183,64,34,13,4,0,
0,2,23,72,137,757,311,145,62,27,14,6,3,2,
0,2,23,72,137,757,311,145,62,27,14,6,3,2,
0,3,19,54,87,671,341,162,57,23,14,7,2,0,
0,3,17,52,96,666,362,137,58,27,15,7,1,
0,3,19,66,127,700,313,137,56,20,10,7,1,0,
0,3,19,58,116,722,352,154,66,25,15,7,3,0,
0,2,20,66,123,698,328,142,59,25,9,7,3,0,
0,3,27,87,123,704,312,152,72,37,16,7,3,3,
0,2,19,67,107,776,314,150,68,25,14,8,4,0,
0,2,16,61,123,706,320,190,90,34,14,6,
0,3,20,72,112,698,343,154,58,22,14,9,2,0,
0,2,25,74,124,744,333,151,77,34,12,5,2,0,
0,3,24,66,122,642,336,155,66,27,12,7,6,0,
0,3,24,66,122,642,336,155,66,27,12,7,6,0,
0,3,16,72,136,672,305,144,67,24,11,2,
0,3,23,75,120,673,331,132,57,25,8,3,
0,3,29,80,120,640,304,175,86,23,9,7,3,0,
0,3,26,74,113,735,342,182,69,26,10,5,1,0,
0,3,20,70,124,670,322,136,59,20,9,4,1,1,
0,3,19,73,124,790,327,169,69,25,13,7,
0,1,16,62,109,660,324,146,60,25,12,4,
0,2,18,58,108,715,321,153,54,26,14,7,3,0,
0,2,18,74,109,722,333,181,72,31,14,3,
0,1,20,63,103,650,290,171,67,27,10,4,
0,1,18,61,86,716,316,157,81,26,10,3,1,0,
0,1,16,68,116,674,358,166,77,34,16,5,0,
0,1,16,74,122,752,340,162,61,30,14,7,3,0,
0,1,14,74,122,666,328,149,58,26,10,4,2,0,
0,2,16,64,108,697,325,161,58,21,10,1,
0,1,14,61,120,720,341,147,60,26,8,2,
0,2,21,58,109,671,310,139,55,25,20,11,4,
0,2,23,68,97,636,321,147,50,23,8,2,2,0,
0,2,22,74,97,641,294,148,56,21,9,7,1,0,
0,3,23,69,113,658,339,129,59,25,8,2,
0,3,23,69,113,658,339,129,59,25,8,2,
0,2,19,80,123,719,319,171,63,22,14,10,2,0,
0,3,21,71,120,699,324,154,67,29,15,6,
0,1,16,72,114,708,358,140,64,18,11,
0,1,18,69,119,677,304,167,58,26,11,3,
0,1,18,69,119,677,304,167,58,26,11,3,
0,1,10,56,113,682,324,139,62,16,7,
0,2,29,79,121,731,295,152,67,26,10,4,3,
0,1,13,63,114,702,337,155,60,19,7,
0,1,13,63,114,702,337,155,60,19,7,
0,1,13,63,114,702,337,155,60,19,7,
0,1,14,65,89,697,332,170,62,23,13,2,
0,1,17,75,107,741,354,148,62,23,10,6,
0,1,25,75,105,689,296,157,54,16,7,
0,2,26,96,126,701,376,153,54,20,10,2,
0,2,16,69,116,754,299,160,58,28,13,7,1,0,
0,2,21,70,95,702,290,154,52,18,12,7,2,0,
0,1,13,71,103,689,325,172,66,26,10,7,
0,2,20,70,100,731,325,162,71,26,13,7,7,0,
0,2,28,68,95,762,316,150,69,30,13,9,
0,1,26,90,126,754,300,144,74,28,18,8,1,
0,1,18,74,100,684,320,151,61,27,11,7,3,0,
0,2,23,78,107,694,347,188,63,27,11,7,3,0,
0,2,18,70,118,698,306,171,59,17,14,8,1,
0,3,24,66,116,715,364,162,66,29,14,8,1,0,
0,2,21,69,131,725,295,142,61,20,12,7,1,0,
0,2,16,52,109,674,297,141,63,27,15,4,
0,2,23,70,97,764,342,144,61,27,12,7,1,
0,2,19,67,126,757,322,155,62,26,10,2,
0,2,16,61,109,599,332,162,58,22,14,8,5,0,
0,1,16,84,126,709,332,148,71,32,11,7,3,0,
0,2,23,77,131,734,322,149,69,28,9,7,7,6,
0,2,23,77,131,734,322,149,69,28,9,7,7,6,
0,2,22,67,100,718,381,171,65,28,10,3,
0,2,20,64,114,678,357,145,64,21,9,3,
0,2,18,65,104,710,296,131,58,28,13,6,3,0,
0,1,14,62,93,738,330,150,55,24,12,3,
0,2,18,77,128,692,379,147,57,29,15,9,4,0,
0,3,23,77,125,697,325,137,48,19,9,2,
0,2,20,63,103,676,326,163,62,21,7,6,
0,1,17,78,134,716,354,154,55,20,8,7,2,0,
0,2,16,60,108,670,313,163,59,22,17,12,3,0,
0,2,18,67,117,748,324,164,53,16,8,3,
0,2,22,66,105,659,321,153,67,21,8,7,1,0,
0,3,20,74,120,717,312,161,53,23,14,5,
0,2,18,63,99,741,379,150,49,16,12,7,3,
0,2,18,63,99,741,379,150,49,16,12,7,3,
0,2,18,70,122,774,351,175,70,33,16,3,
0,2,23,77,98,707,374,156,65,24,10,7,1,0,
0,2,23,77,98,707,374,156,65,24,10,7,1,0,
0,2,23,77,98,707,374,156,65,24,10,7,1,0,
0,2,16,65,113,679,302,153,62,25,15,7,1,0,
0,1,18,63,99,728,318,140,66,21,11,4,
0,1,15,56,107,733,332,150,69,32,15,7,3,0,
0,1,15,76,130,723,312,140,56,24,12,7,3,0,
0,1,16,61,102,709,338,156,59,25,15,9,3,4,
0,1,17,57,107,761,339,177,65,21,8,5,1,0,
0,2,16,58,101,691,300,143,61,28,15,7,1,1,
0,2,23,73,107,710,329,145,60,21,11,7,5,0,
0,2,23,73,107,710,329,145,60,21,11,7,5,0,
0,1,18,64,114,747,317,149,65,27,14,7,1,0,
0,2,18,69,107,757,320,163,69,27,9,6,1,0,
0,2,18,69,107,757,320,163,69,27,9,6,1,0,
0,2,18,69,107,757,320,163,69,27,9,6,1,0,
0,2,18,69,107,757,320,163,69,27,9,6,1,0,
0,2,24,78,114,770,318,179,71,30,14,7,3,0,
0,2,18,62,98,745,317,174,69,28,16,11,
0,2,16,56,111,733,371,150,58,20,11,7,
0,2,16,56,111,733,371,150,58,20,11,7,
0,2,15,56,102,709,314,161,69,24,11,7,1,0,
0,1,14,60,110,746,330,187,79,35,16,4,
0,1,18,67,102,737,329,143,54,24,11,3,
0,2,18,69,98,656,341,134,63,25,8,3,
0,2,18,69,98,656,341,134,63,25,8,3,
0,2,18,69,98,656,341,134,63,25,8,3,
0,2,18,69,98,656,341,134,63,25,8,3,
0,1,16,58,112,761,310,156,54,17,9,
0,2,23,64,104,679,334,163,67,23,8,
0,2,18,60,117,740,339,165,68,27,9,
0,1,13,53,91,787,353,182,61,22,11,2,
0,2,16,67,101,685,340,147,63,23,7,1,
0,2,17,66,117,732,313,159,57,19,8,
0,1,15,66,97,691,335,173,63,23,13,7,2,0,
0,2,19,59,95,628,300,135,80,23,9,
0,1,17,78,103,649,301,148,55,18,14,9,4,0,
0,3,14,75,116,685,294,132,48,19,12,7,2,0,
0,3,19,76,104,681,394,170,59,15,4,
0,2,16,61,96,693,328,166,56,12,7,3,
0,2,24,80,122,706,312,145,84,36,11,5,
0,2,20,79,118,703,299,165,81,32,15,7,7,0,
0,2,20,79,118,703,299,165,81,32,15,7,7,0,
0,1,18,56,107,767,379,135,57,26,11,4,1,0,
0,2,20,87,120,744,319,158,54,22,9,3,
0,1,18,89,124,689,327,185,67,27,11,2,
0,1,18,89,124,689,327,185,67,27,11,2,
0,1,14,67,131,679,320,174,68,18,7,5,
0,3,18,54,109,708,340,157,66,23,12,2,
0,1,16,65,129,683,351,173,55,20,9,4,
0,2,24,66,115,760,295,164,80,30,13,7,5,7,
0,2,19,74,114,714,283,141,80,25,11,
0,3,19,76,109,725,360,169,79,19,6,
0,1,18,71,134,699,324,152,56,16,7,
0,2,19,66,105,734,309,169,60,32,19,5,
0,2,20,65,113,706,316,150,52,27,15,5,1,0,
0,2,19,75,104,681,343,157,66,30,13,7,4,0,
0,1,24,87,104,642,318,120,62,34,17,4,0,0,
0,2,23,79,123,645,278,145,63,28,16,7,1,
0,1,17,83,134,709,270,152,62,19,11,7,3,0,
0,2,19,60,121,708,320,139,53,24,19,6,1,1,
0,1,14,61,111,721,326,158,62,27,15,3,
0,1,13,60,126,732,323,137,63,23,9,5,1,0,
0,2,14,55,114,705,348,145,63,30,14,7,1,0,
0,1,15,82,133,693,326,156,65,22,14,7,3,0,
0,2,20,77,116,689,366,151,58,25,14,3,
0,1,18,81,130,711,294,136,49,20,9,
0,1,15,71,117,630,360,147,75,34,15,4,2,0,
0,1,16,58,125,714,379,163,54,20,9,6,2,0,
0,2,16,58,126,714,347,138,61,20,8,4,0,0,
0,2,22,73,102,692,333,139,59,25,13,7,1,0,
0,2,23,63,110,664,313,154,57,27,12,6,2,0,
0,2,24,73,116,656,347,158,53,27,12,7,0,0,
0,2,15,58,111,678,379,154,61,27,11,3,
0,2,14,56,111,688,331,169,65,28,15,9,4,0,
0,2,18,78,125,716,333,141,74,27,14,7,1,0,
0,1,14,59,96,717,341,164,60,22,9,2,
0,1,14,59,96,717,341,164,60,22,9,2,
0,1,17,74,118,696,293,144,64,29,15,7,1,0,
0,2,17,58,108,699,282,142,80,28,12,2,
0,1,22,71,100,784,388,159,65,29,11,3,
0,1,18,75,102,696,306,156,63,26,10,3,
0,2,18,65,102,674,338,141,55,23,9,2,
0,1,13,52,110,656,276,189,77,25,14,12,6,0,
0,2,14,64,112,737,319,147,65,23,14,8,1,
0,2,22,77,98,682,341,151,71,22,11,1,
0,2,19,78,121,677,348,152,70,23,14,7,3,0,
0,2,23,75,112,632,297,121,64,25,16,7,2,0,
0,2,18,74,112,706,325,151,55,16,12,6,
0,1,14,64,124,772,328,144,58,22,9,4,5,0,
0,1,17,71,121,746,326,125,67,32,13,7,4,0,
0,1,14,72,111,653,360,134,63,23,9,
0,1,12,65,113,678,299,140,58,28,11,5,1,0,
0,2,16,62,111,655,284,134,66,25,11,7,2,0,
0,2,18,79,120,739,329,154,61,27,17,7,1,0,
0,2,18,79,120,739,329,154,61,27,17,7,1,0,
0,1,14,55,106,767,316,165,68,24,10,4,2,0,
0,1,13,55,119,702,334,174,72,30,8,2,
0,1,19,73,120,720,321,140,58,25,10,
0,2,13,51,99,681,341,159,56,26,11,4,
0,1,15,54,99,733,329,152,63,23,7,7,1,0,
0,1,18,65,115,686,370,142,51,18,7,
0,1,19,54,114,722,302,158,65,19,12,7,3,0,
0,1,19,54,114,722,302,158,65,19,12,7,3,0,
0,2,18,52,93,699,338,161,56,17,10,3,0,0,
0,1,17,58,115,712,362,164,65,23,13,7,
0,1,15,59,107,653,345,173,81,29,14,6,2,0,
0,1,18,69,142,707,331,150,50,26,10,2,2,0,
0,1,14,61,103,658,347,137,56,22,10,4,
0,2,18,63,120,675,303,166,69,26,10,7,3,0,
0,1,13,55,104,722,344,148,55,20,9,6,
0,3,18,64,112,682,312,143,50,17,9,3,0,0,
0,1,20,65,95,722,329,162,69,29,13,7,7,0,
0,1,22,72,104,812,337,153,71,28,13,7,4,0,
0,2,16,68,113,707,366,140,53,14,7,
0,2,25,79,122,705,340,137,66,17,9,5,
0,2,22,80,125,695,330,128,62,22,7,
0,3,31,88,106,694,330,149,67,22,13,4,
0,3,31,88,106,694,330,149,67,22,13,4,
0,3,24,82,136,680,341,166,73,25,9,
0,2,16,67,145,728,299,140,56,19,8,4,
0,1,16,82,114,736,290,156,71,21,7,
0,1,15,75,114,728,329,174,58,23,8,
0,2,20,70,119,686,348,146,52,22,9,6,2,3,
0,2,16,65,115,656,351,139,42,20,16,8,2,
0,1,19,75,98,681,304,164,59,19,7,2,
0,1,15,55,125,738,334,140,53,24,9,4,2,0,
0,3,20,66,108,655,327,166,54,20,11,7,2,0,
0,3,24,74,104,655,313,172,74,33,12,
0,2,25,78,106,706,313,146,60,31,14,7,4,0,
0,2,24,71,106,679,315,139,65,25,11,7,
0,3,19,63,103,795,337,144,73,33,12,4,5,1,
0,1,19,69,123,663,318,156,59,29,12,2,
0,2,22,71,110,696,337,148,62,27,12,7,1,0,
0,2,22,71,110,696,337,148,62,27,12,7,1,0,
0,2,20,76,99,707,331,157,59,26,12,7,1,
0,2,21,74,108,651,324,145,61,25,9,
0,3,23,72,104,655,287,135,67,24,12,7,2,0,
0,2,25,70,97,732,307,131,66,28,11,3,
0,1,14,68,109,742,321,135,57,25,10,4,
0,2,24,87,107,808,312,156,56,18,7,1,
0,3,21,61,91,682,333,151,61,22,9,7,1,0,
0,3,22,65,125,733,346,146,63,29,14,7,1,0,
0,2,24,70,105,668,300,145,50,16,14,5,1,0,
0,3,29,81,120,663,282,147,57,21,14,8,1,0,
0,3,20,76,94,665,331,147,73,29,13,5,
0,3,17,63,109,708,365,137,73,36,12,4,4,
0,3,21,77,102,714,301,166,81,23,7,
0,3,29,80,114,701,314,173,63,20,9,
0,2,23,82,101,692,337,170,65,27,14,10,2,
0,2,25,65,104,770,332,175,65,22,9,2,
0,1,19,82,81,682,356,161,63,29,16,5,1,
0,2,20,66,112,707,329,133,64,23,9,3,
0,3,23,69,95,725,313,142,50,18,9,5,1,
0,3,23,69,95,725,313,142,50,18,9,5,1,
0,1,13,62,102,696,322,163,59,25,10,
0,1,18,64,107,699,338,161,61,29,9,7,1,0,
0,2,18,66,108,711,318,152,75,28,10,5,
0,2,14,60,94,713,316,143,54,28,13,5,
0,2,21,63,108,739,337,172,84,38,10,7,
0,2,20,69,96,738,339,162,66,26,9,4,
0,1,19,81,106,679,316,153,47,23,12,6,
0,1,19,81,106,679,316,153,47,23,12,6,
0,1,14,64,117,725,335,190,64,21,9,
0,2,18,69,99,753,359,155,59,20,10,4,1,4,
0,2,18,69,99,753,359,155,59,20,10,4,1,4,
0,3,23,91,102,715,312,136,60,23,14,7,1,
0,2,20,90,107,686,313,172,75,29,13,7,3,0,
0,2,20,90,107,686,313,172,75,29,13,7,3,0,
0,2,20,90,107,686,313,172,75,29,13,7,3,0,
0,2,20,90,107,686,313,172,75,29,13,7,3,0,
0,2,20,90,107,686,313,172,75,29,13,7,3,0,
0,2,19,70,118,747,334,151,63,22,11,3,
0,2,17,50,91,751,283,132,59,26,13,4,
0,1,16,58,104,716,329,143,47,17,7,2,
0,3,23,77,99,700,318,135,54,25,10,6,2,
0,2,14,58,117,705,324,142,67,26,14,9,3,0,
0,2,22,72,106,712,309,154,54,20,11,2,
0,2,18,71,114,675,330,171,59,23,9,
0,1,18,70,97,703,324,142,46,20,14,9,3,
0,2,18,64,96,678,325,149,61,24,9,2,
0,3,20,67,101,631,304,128,61,30,11,7,2,0,
0,2,20,58,110,643,300,146,59,25,16,7,5,0,
0,2,23,72,113,630,266,123,58,28,11,7,3,0,
0,2,19,66,118,736,322,127,57,29,13,7,1,0,
0,3,17,65,134,672,308,151,69,23,8,1,
0,2,18,64,116,684,301,143,56,26,8,3,
0,2,23,66,96,708,329,141,53,20,10,4,
0,3,20,75,114,699,307,121,57,22,12,7,1,0,
0,3,27,91,148,649,312,150,63,18,14,8,4,0,
0,1,16,72,118,694,342,153,69,26,9,5,
0,2,23,86,122,753,307,123,65,32,18,9,1,0,
0,1,20,79,129,735,343,154,74,34,15,7,2,0,
0,2,21,70,125,702,322,156,69,27,14,7,2,3,
0,1,18,79,128,673,320,159,65,26,14,8,3,0,
0,2,19,66,129,756,349,170,68,36,19,7,4,0,
0,2,23,78,105,649,370,170,68,32,16,7,1,0,
0,2,20,86,114,606,309,150,67,25,11,2,
0,3,19,67,104,676,345,163,72,28,14,5,0,
0,2,16,69,111,755,335,153,68,25,9,5,
0,2,15,68,129,728,329,171,57,34,15,7,2,0,
0,1,20,73,108,694,341,136,60,23,11,
0,3,26,88,117,689,300,180,72,27,11,7,2,
0,2,19,86,100,760,321,139,59,22,11,3,
0,1,13,48,97,707,334,157,54,26,11,2,
0,1,20,73,127,750,328,162,61,27,12,5,
0,1,14,63,99,635,352,151,61,27,13,7,4,0,
0,1,17,63,110,747,322,168,63,27,14,4,
0,1,18,65,94,700,331,149,56,23,10,2,
0,1,19,68,107,700,327,165,64,23,13,7,4,0,
0,2,17,59,95,656,297,133,62,36,20,10,4,2,
0,1,14,56,114,731,311,136,71,26,14,7,5,
0,1,20,82,121,638,352,152,58,28,12,7,1,0,
0,1,17,72,109,638,299,157,67,26,15,8,3,0,
0,2,18,70,126,752,324,160,60,27,14,7,6,0,
0,2,23,76,97,700,326,141,66,29,14,7,1,0,
0,2,25,76,115,672,335,145,66,29,15,4,
0,2,18,66,123,724,322,125,53,30,16,
0,1,22,70,112,702,340,152,68,32,15,5,
0,2,19,63,121,682,305,170,62,22,11,7,
0,3,21,67,121,708,337,157,66,32,13,9,1,0,
0,2,22,72,133,672,311,136,68,21,7,2,
0,3,23,76,126,717,350,165,76,28,11,14,7,0,
0,3,25,72,113,710,310,160,74,27,10,7,1,
0,3,26,68,133,730,333,141,56,24,17,10,3,0,
0,3,18,73,120,634,326,157,67,30,12,7,4,1,
0,3,25,60,116,739,326,146,67,31,17,4,2,0,
0,3,25,60,116,739,326,146,67,31,17,4,2,0,
0,1,18,71,116,646,309,159,55,17,7,
0,2,21,70,119,737,321,166,73,30,18,7,4,0,
0,3,16,59,127,755,328,185,78,25,10,4,1,0,
0,2,19,83,112,727,324,172,64,22,9,6,2,9,
0,2,23,82,112,743,323,155,55,27,22,9,2,
0,1,15,77,145,730,332,129,65,26,7,
0,1,15,77,145,730,332,129,65,26,7,
0,1,15,64,108,726,309,166,67,23,8,
0,1,15,73,112,686,324,153,58,26,10,3,5,2,
0,2,17,62,113,725,335,167,44,17,13,
0,2,18,66,108,739,302,159,77,23,4,
0,1,15,65,130,681,293,135,56,18,14,9,
0,1,18,71,103,699,309,170,60,22,13,11,1,0,
0,1,18,63,91,756,300,146,58,19,12,6,1,0,
0,1,18,63,91,756,300,146,58,19,12,6,1,0,
0,1,18,74,100,689,322,134,78,26,10,2,0,
0,3,22,70,115,719,308,163,76,16,10,4,
0,3,19,73,111,731,342,180,61,25,10,5,0,0,
0,1,15,63,124,723,333,166,61,21,8,7,1,0,
0,1,14,69,148,640,265,158,71,24,8,6,1,0,
0,3,23,84,144,753,344,130,58,22,6,
0,2,20,76,141,626,304,128,55,18,7,7,2,0,
0,2,23,63,117,647,333,150,55,20,12,7,4,0,
0,2,21,79,153,715,350,150,61,23,14,10,2,0,
0,1,23,78,115,674,316,132,58,32,21,8,2,0,
0,2,20,59,123,697,333,130,51,24,14,7,1,
0,2,18,79,139,717,338,168,59,26,17,7,1,
0,3,21,59,113,668,352,134,58,22,16,7,
0,2,18,65,116,751,358,147,68,31,10,6,2,0,
0,1,17,74,119,611,321,146,69,27,16,7,1,0,
0,3,19,68,144,606,306,145,73,27,9,4,5,0,
0,3,21,61,98,726,336,154,62,29,14,7,1,1,
0,3,21,61,98,726,336,154,62,29,14,7,1,1,
0,3,21,61,98,726,336,154,62,29,14,7,1,1,
0,2,30,76,119,643,304,144,69,31,20,7,4,0,
0,2,20,58,123,704,306,164,70,27,9,7,2,0,
0,3,22,47,126,696,319,163,60,22,8,1,
0,2,23,59,125,658,337,139,50,24,17,9,1,0,
0,2,23,59,125,658,337,139,50,24,17,9,1,0,
0,2,22,67,121,763,330,169,58,26,15,5,1,0,
0,3,15,55,134,687,298,149,58,22,11,2,
0,3,21,53,124,731,300,157,83,27,19,9,3,0,
0,2,20,62,128,752,360,132,51,20,8,1,
0,2,22,58,121,788,321,150,58,24,12,7,3,1,
0,2,28,79,111,725,314,142,53,25,10,4,4,0,
0,2,28,79,111,725,314,142,53,25,10,4,4,0,
0,2,23,57,86,740,284,142,76,37,15,7,1,0,
0,2,23,67,108,671,287,155,57,18,12,4,2,0,
0,2,20,70,147,742,309,143,53,19,7,
0,2,17,76,130,745,314,168,83,24,16,9,6,0,
0,1,14,56,113,723,316,188,67,18,10,8,1,0,
0,1,20,56,95,749,343,138,50,16,14,10,2,0,
0,1,17,74,118,674,369,166,78,27,11,4,
0,1,18,90,132,622,323,173,63,22,9,5,3,0,
0,2,19,75,103,686,350,149,64,27,17,9,2,0,
0,1,14,74,111,691,287,169,52,22,13,7,
0,2,20,67,98,742,290,164,59,25,7,6,
0,1,17,69,91,710,270,141,58,22,12,4,
0,1,16,60,89,698,330,158,56,18,9,
0,1,14,61,95,664,348,148,64,21,8,
0,2,18,77,113,638,314,163,58,25,15,6,
0,1,15,67,89,665,345,141,57,30,10,7,1,0,
0,2,22,72,112,712,274,154,78,27,14,11,1,0,
0,2,17,75,120,738,319,172,63,22,10,3,0,
0,2,22,75,105,674,289,146,53,21,14,4,
0,2,19,75,100,685,378,165,52,20,7,5,
0,1,13,58,92,676,335,150,77,27,21,12,5,0,
0,1,18,82,120,744,343,158,60,20,9,4,
0,1,18,76,99,653,324,160,66,26,9,7,3,
0,1,18,79,104,704,313,150,66,26,13,7,1,0,
0,1,14,65,96,732,338,147,65,27,10,7,2,
0,1,14,65,96,732,338,147,65,27,10,7,2,
0,1,16,63,105,846,353,152,58,22,9,4,
0,2,19,76,91,710,310,173,54,25,12,8,7,0,
0,1,25,74,103,649,299,140,60,31,15,7,5,0,
0,1,14,65,112,692,342,149,51,20,10,7,1,0,
0,2,21,70,130,676,310,153,61,22,12,5,
0,1,18,72,117,699,328,169,60,15,7,
0,3,21,76,104,685,339,171,67,26,12,7,1,0,
0,2,18,66,94,779,353,171,72,18,8,
0,2,22,63,118,734,326,151,65,21,11,4,
0,2,20,74,132,659,322,166,53,18,8,3,
0,2,18,64,107,796,295,179,69,25,14,7,1,0,
0,2,26,86,110,709,328,156,66,30,13,7,2,0,
0,2,20,71,116,654,306,157,62,34,13,5,
0,3,19,79,123,708,315,148,54,23,11,7,5,1,
0,3,18,74,119,710,356,179,70,21,11,7,1,0,
0,2,16,62,117,728,344,144,67,34,12,3,
0,1,18,72,116,720,266,134,58,20,4,
0,3,21,59,102,683,320,171,61,22,16,7,2,
0,2,16,59,117,692,295,154,67,32,13,7,2,0,
0,1,14,58,119,664,301,155,62,23,12,10,5,2,
0,1,16,57,125,649,302,159,56,22,11,7,2,
0,2,21,55,89,693,319,158,54,29,16,4,
0,1,18,75,118,693,320,176,68,24,14,6,1,0,
0,2,18,71,129,753,345,155,52,23,9,7,3,0,
0,1,14,56,124,725,330,153,68,25,16,7,1,0,
0,3,16,61,121,678,313,137,55,28,15,9,2,0,
0,2,18,71,131,769,301,123,62,25,12,7,2,0,
0,2,16,64,111,710,303,152,63,20,7,2,
0,3,22,74,124,750,346,159,59,28,18,8,7,0,
0,2,16,69,98,726,351,147,67,27,11,7,1,0,
0,1,18,70,114,716,283,151,62,25,9,3,
0,2,18,52,113,718,330,155,58,25,17,7,2,0,
0,3,28,69,129,691,308,147,74,34,11,8,2,0,
0,3,25,76,112,739,343,160,62,19,11,7,3,
0,3,22,59,112,688,333,155,72,22,9,
0,3,21,63,108,732,375,155,58,28,19,7,1,0,
0,3,18,70,120,705,318,143,58,25,8,4,
0,1,19,63,101,715,368,162,73,27,11,6,
0,2,21,79,111,686,324,150,62,26,13,7,3,0,
0,2,18,63,124,667,298,150,50,30,15,4,
0,3,24,64,111,736,327,154,65,25,10,6,1,0,
0,2,19,87,135,709,341,148,61,27,14,6,1,0,
0,3,20,66,100,692,325,152,66,30,9,3,1,0,
0,3,18,58,103,686,320,139,65,28,10,6,1,0,
0,3,24,86,111,747,327,155,61,30,14,4,2,2,
0,3,21,70,104,690,327,157,71,33,16,10,2,0,
0,3,23,80,111,641,321,139,70,34,12,7,
0,3,21,67,112,669,344,160,74,27,13,4,
0,3,18,68,106,682,349,164,89,36,16,12,5,0,
0,3,16,58,130,718,344,141,65,23,14,8,4,0,
0,2,20,76,111,676,327,161,67,22,12,4,
0,3,18,66,123,685,313,166,63,29,10,6,2,0,
0,3,23,62,107,638,346,172,79,24,9,3,
0,2,16,54,147,694,329,151,56,19,10,7,3,0,
0,3,29,78,113,753,345,150,54,22,14,7,
0,3,17,57,151,721,304,180,62,16,15,8,1,
0,4,25,74,118,716,283,168,76,25,10,3,
0,3,24,81,121,769,371,168,72,20,8,
0,3,21,67,136,692,306,162,53,12,7,2,
0,3,21,67,136,692,306,162,53,12,7,2,
0,3,21,67,136,692,306,162,53,12,7,2,
0,3,21,67,136,692,306,162,53,12,7,2,
0,2,28,97,106,691,333,127,52,29,20,10,3,0,
0,2,30,71,104,700,363,157,57,21,8,
0,2,23,67,110,680,323,177,69,22,7,
0,2,16,69,122,717,305,133,58,24,13,4,0,
0,3,19,61,88,660,317,164,55,19,9,
0,1,14,52,88,635,324,176,64,33,17,7,3,0,
0,2,18,72,106,637,323,167,77,29,10,5,
0,1,19,92,113,683,337,153,51,22,11,6,
0,1,19,92,113,683,337,153,51,22,11,6,
0,1,18,61,101,745,301,170,70,22,12,
0,2,23,84,113,734,300,130,50,23,11,5,1,0,
0,1,19,77,90,724,383,174,68,25,9,1,
0,1,15,59,107,798,313,153,66,25,8,
0,1,16,66,110,738,314,184,64,26,18,3,2,0,
0,1,20,80,99,683,323,179,58,25,11,3,
0,1,15,77,116,678,290,154,67,21,6,
0,1,16,58,92,686,313,166,69,27,9,
0,2,17,61,101,704,305,149,55,21,9,7,1,
0,1,16,57,109,698,336,170,58,18,7,6,1,
0,1,17,71,96,729,296,142,56,18,8,5,2,0,
0,1,18,83,113,669,333,151,60,27,9,
0,1,18,68,110,757,370,158,67,28,9,
0,1,14,70,98,740,284,128,64,20,8,5,
0,1,18,80,117,683,333,149,53,26,14,8,7,0,
0,1,18,63,96,708,297,130,64,23,13,4,1,0,
0,2,18,71,107,758,333,140,68,26,10,7,2,0,
0,1,18,72,127,691,295,152,60,32,14,7,4,0,
0,1,12,63,147,686,313,180,69,22,7,7,1,0,
0,1,17,77,140,717,309,152,74,29,11,3,
0,2,23,62,106,678,338,142,53,25,12,6,0,0,
0,2,18,74,108,702,344,169,65,30,19,6,6,0,
0,2,18,70,100,696,330,156,61,32,16,7,7,0,
0,2,23,68,116,701,293,145,60,23,14,9,4,0,
0,1,12,53,130,722,294,149,65,29,19,9,1,0,
0,2,20,57,97,673,316,166,73,32,13,7,3,0,
0,1,16,60,104,684,337,151,62,24,10,6,1,1,
0,1,16,60,104,684,337,151,62,24,10,6,1,1,
0,1,16,60,104,684,337,151,62,24,10,6,1,1,
0,1,16,60,104,684,337,151,62,24,10,6,1,1,
0,1,16,60,104,684,337,151,62,24,10,6,1,1,
0,2,20,64,110,736,347,167,69,31,8,1,
0,2,17,60,113,758,333,157,82,28,12,2,
0,2,20,71,126,782,331,158,61,19,14,6,2,3,
0,2,23,63,117,721,319,154,72,26,11,8,2,1,
0,3,15,59,109,749,306,164,68,28,15,4,
0,2,18,65,124,793,350,164,72,27,12,4,
0,2,17,56,107,692,317,172,79,27,10,7,2,0,
0,2,18,58,103,694,356,155,65,27,11,9,7,0,
0,2,18,66,131,667,314,164,65,28,11,7,6,
0,2,19,72,126,766,346,150,63,29,13,7,2,0,
0,2,18,65,135,676,284,141,64,29,17,9,3,0,
0,2,23,64,114,708,331,150,66,28,15,7,1,0,
0,2,18,92,134,672,345,148,63,21,8,
0,3,28,67,117,673,324,148,73,31,18,7,4,0,
0,3,20,56,130,674,333,145,64,26,11,7,2,
0,2,18,75,142,752,336,160,56,25,10,5,5,0,
0,2,25,70,117,657,332,159,80,31,14,7,1,0,
0,1,17,61,132,736,313,166,72,26,10,4,0,0,
0,3,25,73,119,669,312,148,60,32,24,9,1,0,
0,2,24,65,110,698,319,140,56,25,10,4,
0,1,18,81,125,701,312,153,74,31,11,4,4,1,
0,1,18,81,125,701,312,153,74,31,11,4,4,1,
0,1,18,66,112,694,321,147,66,35,17,8,4,0,
0,1,14,58,110,753,365,150,62,29,11,3,1,2,
0,1,18,66,125,656,335,162,66,24,11,5,1,0,
0,3,29,79,122,678,329,140,56,25,10,6,1,0,
0,2,14,61,132,684,324,123,59,27,10,7,3,2,
0,2,14,59,116,780,322,160,69,28,19,9,2,0,
0,2,18,58,88,723,338,141,62,21,11,7,1,0,
0,1,18,67,99,695,314,161,60,23,8,2,0,0,
0,1,18,67,99,695,314,161,60,23,8,2,0,0,
0,1,17,66,96,743,341,147,55,22,12,3,
0,1,18,70,121,714,316,170,59,32,13,7,1,0,
0,1,18,70,121,714,316,170,59,32,13,7,1,0,
0,1,14,69,121,713,316,132,73,25,8,3,
0,1,14,52,116,682,333,154,81,24,9,7,1,0,
0,2,22,74,114,701,335,179,67,31,12,4,1,0,
0,1,16,72,119,652,311,151,59,24,9,6,1,0,
0,2,18,66,103,701,304,158,62,21,8,4,5,0,
0,2,18,66,103,701,304,158,62,21,8,4,5,0,
0,2,18,66,103,701,304,158,62,21,8,4,5,0,
0,2,18,66,103,701,304,158,62,21,8,4,5,0,
0,2,18,66,103,701,304,158,62,21,8,4,5,0,
0,2,16,63,117,710,298,131,63,27,16,9,2,0,
0,1,20,85,123,756,331,136,71,32,20,8,2,
0,1,18,88,127,719,333,154,56,20,12,9,4,0,
0,2,14,62,108,650,290,153,58,29,16,7,3,0,
0,2,17,61,108,638,307,155,67,30,11,7,1,0,
0,1,15,56,95,649,305,162,76,30,10,
0,2,17,61,96,661,319,159,68,24,8,5,2,0,
0,1,17,77,117,735,307,160,69,28,18,8,2,
0,2,15,71,108,668,282,140,66,28,10,1,
0,3,21,63,129,655,312,132,46,17,11,7,1,0,
0,1,16,82,115,677,290,148,60,13,6,
0,1,18,88,132,739,294,158,65,20,7,2,
0,1,17,71,118,751,321,146,60,26,14,7,1,0,
0,1,14,62,111,690,341,144,60,27,10,4,
0,1,14,62,111,690,341,144,60,27,10,4,
0,1,13,58,125,767,290,136,60,26,13,7,2,0,
0,2,16,71,121,677,311,131,59,30,12,3,0,0,
0,2,16,71,121,677,311,131,59,30,12,3,0,0,
0,1,17,84,123,707,345,168,56,28,12,4,0,0,
0,2,15,69,130,700,317,148,60,26,17,7,1,0,
0,1,12,55,111,691,311,140,55,26,14,9,3,0,
0,1,14,59,130,638,321,168,59,17,7,7,3,
0,1,15,61,96,707,358,172,47,22,15,8,1,
0,1,14,59,91,735,310,147,76,29,11,4,
0,1,16,66,105,711,340,163,76,17,8,6,1,0,
0,1,14,69,120,695,304,152,71,22,9,
0,1,19,75,113,746,322,146,75,25,9,7,7,0,
0,1,18,65,102,734,312,139,48,22,13,7,2,0,
0,1,17,71,95,695,316,150,46,18,12,4,
0,1,14,60,97,732,315,155,71,25,10,6,0,
0,1,14,60,97,732,315,155,71,25,10,6,0,
0,1,16,49,97,663,318,160,63,27,11,3,
0,1,18,81,111,715,318,178,71,24,11,7,4,0,
0,1,13,55,99,714,307,151,72,27,7,
0,1,18,73,104,707,355,159,62,24,14,8,1,0,
0,1,18,73,104,707,355,159,62,24,14,8,1,0,
0,1,18,69,89,759,322,166,75,22,8,7,1,1,
0,1,22,77,102,728,326,134,54,31,13,4,
0,1,17,67,88,736,331,148,71,27,10,4,2,0,
0,1,14,78,110,720,317,145,58,25,12,4,3,3,
0,1,14,64,108,738,323,149,60,27,13,5,
0,1,19,81,102,705,318,149,56,30,12,7,1,
0,1,19,81,102,705,318,149,56,30,12,7,1,
0,1,17,92,119,745,334,168,66,30,12,7,
0,1,20,81,106,742,316,177,71,29,18,8,1,0,
0,1,19,80,107,627,355,159,66,25,11,3,
0,1,17,68,105,720,319,133,49,24,15,7,5,0,
0,1,17,52,98,724,303,182,75,21,5,
0,2,17,64,108,694,336,171,60,23,13,6,1,0,
0,2,17,64,108,694,336,171,60,23,13,6,1,0,
0,1,22,84,99,703,335,143,61,26,8,
0,1,18,65,104,708,287,142,55,17,9,
0,1,14,71,114,725,352,167,56,19,6,
0,1,19,69,92,735,297,167,81,34,13,3,
0,1,19,69,92,735,297,167,81,34,13,3,
0,1,15,58,119,653,275,169,55,21,13,7,1,
0,1,14,62,112,709,319,168,83,26,8,3,0,0,
0,1,19,82,114,678,294,169,87,32,9,4,0,
0,1,16,81,125,664,374,203,60,21,7,
0,1,14,63,119,672,293,158,53,27,13,4,
0,1,18,72,108,663,307,173,57,29,11,1,
0,1,18,69,97,704,368,128,42,22,9,7,3,0,
0,2,18,75,118,779,338,162,56,20,13,7,4,0,
0,2,18,83,106,696,292,150,63,20,7,4,
0,1,19,72,96,702,314,164,54,14,7,3,
0,1,14,63,106,683,342,170,60,26,14,3,
0,2,23,55,98,727,312,171,66,21,8,2,0,
0,1,17,65,113,792,337,166,51,23,13,7,2,
0,1,17,65,113,792,337,166,51,23,13,7,2,
0,1,17,65,113,792,337,166,51,23,13,7,2,
0,1,19,77,111,680,341,170,65,18,9,3,
0,2,18,63,100,701,312,154,59,17,10,4,
0,1,14,74,97,696,325,142,60,22,7,3,
0,2,19,75,95,725,343,160,59,22,9,
0,1,14,65,97,704,314,148,52,21,11,3,
0,3,23,79,90,699,328,125,66,20,10,3,
0,1,20,64,110,798,259,128,62,25,11,2,
0,1,15,65,122,699,302,171,63,23,8,4,
0,1,14,75,129,733,320,159,62,29,13,6,2,
0,1,17,76,114,730,303,152,55,17,12,7,1,0,
0,1,14,63,101,725,334,172,58,21,14,9,1,0,
0,1,20,71,90,730,311,143,81,29,14,7,3,0,
0,1,20,71,90,730,311,143,81,29,14,7,3,0,
0,1,14,72,133,705,281,150,51,25,12,4,
0,1,18,76,119,702,340,178,56,25,8,7,1,
0,1,17,56,85,689,328,161,70,21,9,3,
0,1,18,64,97,710,325,173,63,20,14,7,0,0,
0,1,18,83,112,748,327,129,51,18,7,7,1,0,
0,1,17,76,107,746,311,135,65,24,9,
0,1,17,76,107,746,311,135,65,24,9,
0,1,17,76,107,746,311,135,65,24,9,
0,1,17,76,107,746,311,135,65,24,9,
0,1,13,55,87,769,386,163,63,25,11,6,2,0,
0,1,18,69,115,761,370,143,68,34,19,11,2,0,
0,1,18,82,114,731,319,194,70,28,12,4,2,4,
0,1,19,66,106,687,372,144,59,22,12,7,0,0,
0,1,18,56,80,671,340,147,56,24,14,10,4,0,
0,1,17,56,99,761,343,146,57,31,14,7,4,0,
0,1,11,46,89,759,317,155,69,27,14,7,
0,1,17,63,111,681,337,160,67,23,10,7,3,0,
0,1,14,67,103,703,329,157,64,26,6,
0,1,17,59,112,685,303,166,78,29,14,9,6,1,
0,2,26,83,96,697,316,166,63,28,15,6,1,0,
0,1,15,61,92,648,310,139,50,16,12,7,2,1,
0,1,17,46,91,732,332,146,65,24,9,6,0,
0,1,18,84,122,670,340,160,60,24,21,9,1,0,
0,1,17,71,107,657,344,153,66,26,17,8,3,0,
0,1,18,61,93,712,310,137,59,27,16,8,1,0,
0,1,18,62,104,757,326,165,67,33,14,7,1,0,
0,1,18,63,115,736,327,163,61,35,20,9,6,0,
0,1,18,80,94,670,310,141,60,22,10,3,
0,1,14,57,107,725,308,164,64,30,13,7,3,1,
0,1,16,54,78,698,351,155,64,25,13,7,1,
0,1,17,83,90,757,339,169,65,25,17,9,7,0,
0,1,14,64,103,766,312,161,60,28,11,7,1,0,
0,1,13,60,94,682,346,149,62,26,11,7,1,0,
0,1,17,67,96,657,349,169,75,28,17,8,3,0,
0,1,18,86,101,681,289,150,52,22,14,9,3,0,
0,1,15,73,95,691,320,180,62,22,10,2,2,0,
0,1,15,73,95,691,320,180,62,22,10,2,2,0,
0,1,19,74,100,690,332,168,66,30,10,4,2,0,
0,1,17,63,111,726,280,166,62,28,10,
0,1,13,58,112,719,370,149,58,19,11,3,
0,1,13,58,112,719,370,149,58,19,11,3,
0,1,18,71,113,703,309,156,69,27,17,7,1,0,
0,1,18,70,111,691,286,177,64,22,8,3,
0,1,14,61,110,736,297,170,64,24,12,4,
0,1,30,75,105,738,314,174,61,18,11,2,
0,1,14,60,86,721,375,164,51,26,11,7,
0,1,22,86,102,762,285,145,48,19,5,
0,1,12,43,105,764,306,180,57,18,14,7,3,
0,1,17,80,116,671,331,169,64,20,11,
0,1,18,67,114,702,333,163,68,27,14,7,
0,1,14,70,108,696,366,165,72,21,10,7,4,0,
0,1,15,61,136,725,336,165,59,22,13,7,3,0,
0,1,14,71,117,735,285,147,70,28,14,4,
0,1,18,66,102,688,346,178,44,16,9,7,
0,1,22,72,122,709,293,132,57,13,6,9,6,0,
0,1,16,64,114,717,316,143,49,18,7,2,
0,1,19,78,116,681,291,158,68,26,11,7,2,0,
0,2,25,85,122,680,315,153,63,18,13,4,
0,2,15,52,121,731,334,166,56,37,14,6,2,0,
0,1,14,65,116,695,307,143,61,18,13,6,4,0,
0,2,18,76,127,761,344,184,63,22,13,7,1,0,
0,1,14,66,111,699,322,148,70,30,8,5,2,0,
0,1,15,80,110,668,333,195,66,28,13,6,2,1,
0,2,14,59,102,659,279,161,63,29,14,2,0,0,
0,3,17,70,113,690,315,147,66,26,14,3,
0,3,17,70,113,690,315,147,66,26,14,3,
0,2,20,61,112,799,319,129,60,22,9,
0,2,20,61,112,799,319,129,60,22,9,
0,2,20,61,112,799,319,129,60,22,9,
0,2,17,66,114,716,321,156,69,30,11,2,
0,1,11,55,117,713,341,136,55,25,11,7,5,0,
0,2,20,79,113,702,316,146,62,20,11,7,4,0,
0,2,14,59,120,660,291,168,66,23,10,4,
0,2,24,62,103,689,310,132,64,32,13,7,1,0,
0,2,23,85,121,694,361,148,64,30,13,8,3,
0,1,19,62,128,712,343,148,62,24,20,9,1,0,
0,1,19,62,128,712,343,148,62,24,20,9,1,0,
0,2,23,75,110,703,351,148,56,27,14,10,7,4,
0,1,20,65,118,733,341,138,71,33,16,7,2,
0,2,22,74,105,717,325,158,62,25,8,4,
0,3,23,76,105,723,323,155,72,28,9,3,
0,1,14,70,118,723,320,155,80,39,15,8,3,0,
0,1,24,66,107,748,344,133,54,22,10,4,
0,1,16,78,131,712,333,167,66,24,9,5,2,0,
0,1,16,78,131,712,333,167,66,24,9,5,2,0,
0,2,23,61,81,680,348,166,68,27,9,7,2,0,
0,2,18,52,101,706,362,156,52,17,8,5,3,4,
0,3,23,76,101,721,302,141,83,25,7,
0,3,23,76,101,721,302,141,83,25,7,
0,2,23,69,120,688,381,158,55,24,12,
0,3,23,65,110,747,336,157,59,20,7,1,
0,2,20,70,116,730,341,162,64,23,16,6,2,
0,3,22,70,111,695,339,144,58,18,9,3,1,0,
0,4,22,73,128,701,323,175,68,27,7,
0,3,17,53,127,736,305,159,67,27,14,7,3,0,
0,3,17,53,127,736,305,159,67,27,14,7,3,0,
0,3,18,70,106,653,338,153,60,23,11,4,
0,2,19,59,100,664,299,158,61,23,14,3,
0,3,20,70,127,727,319,130,65,24,8,
0,3,20,70,127,727,319,130,65,24,8,
0,3,23,76,129,707,314,182,81,26,17,8,2,
0,2,25,77,136,740,288,169,82,21,7,
0,2,18,64,109,697,342,169,62,21,19,11,3,0,
0,3,23,75,125,775,296,129,56,19,7,2,
0,2,25,78,112,730,295,162,67,21,12,5,
0,1,18,63,107,691,329,163,53,19,14,9,2,0,
0,1,14,68,111,716,345,148,68,21,11,5,
0,1,18,73,96,651,305,135,50,19,9,
0,1,14,57,98,686,313,142,65,24,12,7,5,0,
0,2,19,65,101,621,272,172,68,24,9,4,
0,1,16,64,102,706,319,166,75,26,8,
0,3,23,67,111,704,317,150,59,20,10,7,1,
0,1,18,65,95,748,339,139,60,27,12,5,
0,1,18,52,100,710,316,158,53,16,8,
0,1,18,52,100,710,316,158,53,16,8,
0,2,19,77,111,676,337,148,59,24,12,4,
0,1,14,58,123,677,315,160,82,23,7,6,3,0,
0,1,18,68,113,742,334,153,56,23,8,7,6,0,
0,1,18,52,99,747,338,156,60,22,9,7,1,0,
0,2,19,98,114,714,299,142,65,24,11,6,
0,1,14,56,95,764,323,140,58,23,9,2,1,0,
0,1,16,59,121,707,307,164,63,23,7,
0,2,18,63,125,704,281,148,74,30,15,7,5,0,
0,1,19,80,107,738,333,147,60,18,8,1,
0,2,31,84,114,733,323,158,57,25,11,7,5,
0,2,16,69,112,687,312,132,50,20,9,4,
0,3,18,83,106,683,335,158,76,32,9,4,
0,2,23,90,109,718,313,140,68,27,11,7,5,
0,2,23,90,109,718,313,140,68,27,11,7,5,
0,2,20,70,127,703,326,155,52,18,9,7,7,3,
0,2,22,72,107,695,300,156,65,34,12,4,0,
0,2,23,79,125,767,351,152,68,29,12,2,
0,2,18,76,97,681,333,127,54,27,11,5,
0,3,21,69,123,686,279,137,65,22,11,3,2,0,
0,2,18,60,115,668,318,147,62,22,10,7,1,0,
0,2,18,55,96,652,304,142,63,28,10,7,4,0,
0,1,22,81,120,683,326,159,72,26,14,9,7,1,
0,2,16,64,128,709,355,168,77,26,15,7,1,0,
0,2,17,73,110,734,289,157,68,22,10,6,7,1,
0,2,22,76,115,683,319,139,56,21,9,7,3,0,
0,1,18,72,132,683,303,196,80,18,6,
0,1,18,72,132,683,303,196,80,18,6,
0,2,23,81,131,737,304,155,80,31,9,
0,3,21,73,120,684,334,161,69,18,10,3,
0,3,22,83,123,757,349,151,59,19,6,
0,3,22,83,123,757,349,151,59,19,6,
0,3,21,63,112,784,309,148,63,28,15,2,
0,3,21,63,112,784,309,148,63,28,15,2,
0,2,21,84,128,698,298,163,52,22,15,7,2,0,
0,3,22,58,109,702,358,177,62,21,14,7,3,0,
0,3,24,66,111,761,307,177,71,25,14,7,
0,2,23,67,102,658,291,165,63,20,12,7,2,0,
0,2,15,71,134,724,316,161,53,22,12,7,1,0,
0,3,19,51,112,706,306,151,69,24,9,3,
0,3,20,76,123,619,338,157,74,23,8,5,
0,3,36,79,93,666,325,156,76,29,19,13,2,0,
0,3,22,79,100,636,367,166,69,27,16,5,0,
0,2,23,84,129,652,307,153,70,26,10,2,1,1,
0,2,18,79,131,679,324,155,76,26,11,7,7,1,
0,3,27,81,110,718,344,184,60,24,9,
0,3,25,84,134,790,323,161,49,19,9,7,2,
0,2,21,65,121,725,304,134,63,22,9,2,
0,2,19,72,111,721,323,156,66,23,7,5,
0,3,26,75,101,747,354,156,82,35,6,
0,3,25,81,146,700,358,145,53,16,10,4,
0,3,20,60,123,691,294,185,60,20,13,5,
0,1,24,88,128,694,349,190,58,27,12,7,1,
0,2,22,78,120,714,354,159,71,28,8,
0,2,22,78,120,714,354,159,71,28,8,
0,2,22,78,120,714,354,159,71,28,8,
0,2,24,79,97,660,326,135,60,20,9,4,
0,1,16,68,132,706,336,142,57,16,11,
0,2,17,57,122,728,329,158,74,22,9,
0,2,20,60,114,732,337,163,62,21,8,6,
0,2,20,60,114,732,337,163,62,21,8,6,
0,2,19,74,104,731,381,158,70,27,12,
0,1,18,60,102,697,347,154,51,18,8,7,4,0,
0,2,15,70,102,670,349,155,53,20,7,6,
0,1,20,74,98,757,319,173,71,29,14,4,
0,1,19,61,92,728,299,152,63,27,11,3,
0,2,23,62,94,736,368,148,58,25,15,7,4,0,
0,1,16,59,98,721,300,153,64,29,17,8,2,0,
0,1,18,71,98,695,343,148,64,32,13,4,
0,2,18,67,99,714,281,135,53,24,10,3,
0,2,23,79,110,697,309,156,62,30,10,3,
0,3,18,50,98,749,350,129,61,24,11,7,1,
0,2,20,68,88,720,312,150,55,20,9,7,2,1,
0,2,14,69,106,647,337,151,60,19,7,5,
0,2,24,99,109,682,342,166,67,20,9,
0,1,14,64,87,692,348,138,61,18,14,8,2,0,
0,1,14,64,87,692,348,138,61,18,14,8,2,0,
0,1,14,64,87,692,348,138,61,18,14,8,2,0,
0,1,16,78,130,705,299,167,53,21,12,5,1,
0,2,17,57,95,662,316,140,72,32,12,
0,1,19,62,112,695,308,185,69,27,7,
0,2,13,60,89,726,307,155,91,29,17,4,
0,2,25,73,103,704,324,149,65,23,15,8,2,0,
0,3,21,65,104,670,338,149,69,26,13,6,1,
0,1,17,74,109,754,300,130,68,33,13,7,
0,1,22,72,105,708,292,152,66,27,10,4,
0,1,18,79,104,684,324,139,78,28,11,
0,1,18,79,104,684,324,139,78,28,11,
0,2,18,67,104,681,340,181,62,30,13,7,1,0,
0,2,24,77,98,674,306,134,56,20,7,5,2,0,
0,1,16,65,117,766,357,159,71,26,13,7,2,0,
0,2,21,76,115,755,309,144,55,25,13,7,2,0,
0,2,21,76,115,755,309,144,55,25,13,7,2,0,
0,2,21,76,115,755,309,144,55,25,13,7,2,0,
0,2,20,73,120,688,338,155,55,24,11,6,6,0,
0,2,25,73,111,696,344,153,57,25,11,7,2,0,
0,1,16,58,116,696,350,173,70,24,11,7,1,0,
0,2,21,64,101,713,338,183,86,40,15,7,4,0,
0,2,14,71,148,739,329,156,65,27,15,7,3,3,
0,1,18,66,138,718,334,144,58,27,15,7,1,0,
0,3,25,63,117,709,320,141,70,35,15,7,2,0,
0,2,23,73,119,703,346,151,60,23,9,7,1,0,
0,1,14,67,101,676,339,174,75,36,15,7,3,0,
0,3,21,75,126,696,346,175,55,20,11,7,1,1,
0,2,22,62,120,694,331,166,53,19,9,4,
0,1,19,75,120,647,328,152,69,33,13,6,2,0,
0,1,14,63,128,742,329,158,54,21,14,10,2,
0,2,16,65,107,705,346,142,49,18,17,7,2,0,
0,2,16,65,107,705,346,142,49,18,17,7,2,0,
0,1,19,82,108,724,302,138,59,25,13,7,1,
0,1,19,82,108,724,302,138,59,25,13,7,1,
0,3,19,70,117,740,322,136,59,29,18,7,1,0,
0,2,23,69,102,762,336,182,79,27,12,6,
0,2,18,66,97,698,314,162,64,26,11,6,1,0,
