gamma,psi,phi,initialBeta,betaJitter,
0.16943026059004712,0.0016402327392658813,0.014810223386515437,0.8097154915049747,0.022756082295237134,
0.16943026059004712,0.0016402327392658813,0.014810223386515437,0.8097154915049747,0.022756082295237134,
0.16922966274542176,0.0015592241156418165,0.015696675855065685,0.8229801187022622,0.023975245979293992,
0.16922966274542176,0.0015592241156418165,0.015696675855065685,0.8229801187022622,0.023975245979293992,
0.1709481554885119,0.0016125003239068048,0.015452098451614901,0.8028729632546439,0.022912924543167307,
0.16987471542413535,0.0014844537028160401,0.015789476808969256,0.7340742420697715,0.02611763261874371,
0.16987471542413535,0.0014844537028160401,0.015789476808969256,0.7340742420697715,0.02611763261874371,
0.1872379447576057,0.0013910859639539883,0.01729688765437202,0.7453197964837717,0.027124840413014394,
0.1906165064819364,0.0014859776788843178,0.020421950124107944,0.671219387351221,0.030032962485675257,
0.16825165920433183,0.0016139473318252707,0.019544895353922953,0.6387518774924337,0.03078132037607782,
0.15409288337985194,0.001510783837825021,0.0206555198869147,0.5823891601749628,0.032533440233970395,
0.15224391963552428,0.0015672909476834884,0.022052633515708006,0.6387712459088546,0.029779444293084614,
0.1440007922012394,0.00153870854227243,0.025857248807631177,0.622989623638621,0.03166976518847746,
0.1440007922012394,0.00153870854227243,0.025857248807631177,0.622989623638621,0.03166976518847746,
0.1347251459150335,0.001518469655567271,0.02575388284148761,0.5143342601722781,0.034802838342637435,
0.14577105292576034,0.001373807133454477,0.02483258831904421,0.5287369327427112,0.0333653960955869,
0.14577105292576034,0.001373807133454477,0.02483258831904421,0.5287369327427112,0.0333653960955869,
0.14577105292576034,0.001373807133454477,0.02483258831904421,0.5287369327427112,0.0333653960955869,
0.14577105292576034,0.001373807133454477,0.02483258831904421,0.5287369327427112,0.0333653960955869,
0.13771333193397398,0.0013946414748833588,0.024566032592680812,0.5090501502912302,0.03280893131627335,
0.13771333193397398,0.0013946414748833588,0.024566032592680812,0.5090501502912302,0.03280893131627335,
0.13771333193397398,0.0013946414748833588,0.024566032592680812,0.5090501502912302,0.03280893131627335,
0.14545928899087124,0.001476829528213131,0.0267690823070403,0.44976142893499993,0.03170602198599001,
0.14386072726141386,0.0014709115332057093,0.02573329983089799,0.4879608885552194,0.02960055760966709,
0.138382362290297,0.0012890918860858742,0.02745830240247918,0.48968584680701627,0.03028732881845872,
0.14663086679867496,0.0013908998364410912,0.025828199804997794,0.47734184291968357,0.03269448893863218,
0.15035840038020287,0.0013058759092824824,0.025992514193517065,0.4913350416775119,0.039909352844987867,
0.14272195503124402,0.0013128891833328795,0.025669644172013163,0.5001890547553957,0.04089156184550907,
0.16944109457174433,0.0012576240084419493,0.022346796896491366,0.4222277086666414,0.03627602641656483,
0.1766864596072058,0.0012514515678438403,0.023606405894329587,0.4802841111019196,0.035451078584201365,
0.1739077569815417,0.0011364216501857241,0.02135078108356247,0.5571579094744878,0.03706848801637483,
0.18403020156411876,0.00103369309806752,0.02317104708317437,0.5568866323335139,0.03931929710656712,
0.1626584379080879,9.53070983555563E-4,0.022216515789122024,0.6265890070754755,0.03580406251254025,
0.1537990288774354,0.001020008579921151,0.02223541513077254,0.6421596459474842,0.035886205116851776,
0.16773936194754785,0.0010326938178221192,0.021078272207713054,0.582024751953854,0.03765366525518551,
0.1520770328024137,0.001189552968186994,0.021609609578219155,0.6299083654133473,0.038032470630557626,
0.17024174586489577,0.001318759828377356,0.02062383791431521,0.6008586217491028,0.04065922435290709,
0.17426549486088672,0.0013231877810927035,0.021467397544063654,0.6137545509359003,0.0386149239271715,
0.178080573394362,0.001430791664653835,0.01979363883459615,0.6870387942848716,0.0350999884471949,
0.17732408209682032,0.0013234232603235984,0.02211597909695775,0.6430721250380835,0.04115982174037116,
0.18893890941231323,0.0014211990877595754,0.02487074035129483,0.6328883063587273,0.038846645299085804,
0.18893890941231323,0.0014211990877595754,0.02487074035129483,0.6328883063587273,0.038846645299085804,
0.18415476077092086,0.0014052051740426823,0.026355797920226083,0.5758426338603527,0.0436033729246038,
0.20206561845361176,0.0016218479362081135,0.024282926785453046,0.6126252827490062,0.04281050760035712,
0.16197297529871146,0.0015190058228082125,0.025105583859313062,0.5933523317390046,0.042342413576404815,
0.1916284141009108,0.0017563312863787279,0.023347804351312937,0.5151199289632384,0.050068192131134115,
0.2056596835787715,0.001627102339094719,0.02245160359970679,0.5612641250040994,0.04843212907146025,
0.18402468611898554,0.0016996649648094377,0.02531454140649463,0.6314245117313547,0.051233995973105316,
0.1891313312733307,0.0015272064607390107,0.025863177805709514,0.5502620700836831,0.05556233030087327,
0.1891313312733307,0.0015272064607390107,0.025863177805709514,0.5502620700836831,0.05556233030087327,
0.1891313312733307,0.0015272064607390107,0.025863177805709514,0.5502620700836831,0.05556233030087327,
0.1891313312733307,0.0015272064607390107,0.025863177805709514,0.5502620700836831,0.05556233030087327,
0.1891313312733307,0.0015272064607390107,0.025863177805709514,0.5502620700836831,0.05556233030087327,
0.17549674921201686,0.001474332373962999,0.029874897557078853,0.550604214886623,0.04810348940968383,
0.1784637281641413,0.0015412401543541713,0.027630934450165016,0.5162591642218097,0.04812361671028502,
0.18251132513570326,0.0016728937513133268,0.028740436094793608,0.4956280885468923,0.04817443031020456,
0.15635381201942272,0.0014636097208369134,0.026315636656852597,0.4375859021034151,0.04641774686607648,
0.17103772518880017,0.0014400129161839005,0.024798627917199115,0.42280339882982654,0.04609417880982178,
0.16133702366913946,0.0014315511817821406,0.028843627135171274,0.3669091167520307,0.04731513513496538,
0.14937965288704871,0.0013873386801534313,0.02968761510582843,0.3818264679447591,0.04762004643804604,
0.14937965288704871,0.0013873386801534313,0.02968761510582843,0.3818264679447591,0.04762004643804604,
0.14479131344247112,0.0013594300587344487,0.027974487793679698,0.37683378591191674,0.05087145886770361,
0.15557186836667536,0.0015223792379009035,0.029839270373446598,0.3783019008747508,0.049860159015219195,
0.16895848228129196,0.0016471398991797668,0.032084180507597315,0.3687613400499711,0.05373665220737421,
0.17873367473514595,0.0016361542194071048,0.03235876701856189,0.33789404317279903,0.05371590173612163,
0.17873367473514595,0.0016361542194071048,0.03235876701856189,0.33789404317279903,0.05371590173612163,
0.20938488857014106,0.0016150118669699207,0.03291608914067684,0.3282141948852292,0.05249174781810872,
0.20938488857014106,0.0016150118669699207,0.03291608914067684,0.3282141948852292,0.05249174781810872,
0.22247726719535071,0.0015416659948210036,0.028311066210857546,0.30605343583366057,0.045703490499935814,
0.21742543583229335,0.0015065712717996448,0.025723925346236225,0.307721833397497,0.04711664257349903,
0.23263189169708565,0.00128674053301369,0.027123112373225403,0.2934482817623319,0.04166997796361571,
0.23619398961456037,0.0014481407754018821,0.02749595714359064,0.41030391582338965,0.03896533451041229,
0.2242894088227875,0.0014275702676793496,0.02616814441505083,0.3399211592202505,0.034419179339925554,
0.20003531436016994,0.001358820326689299,0.025385431271006023,0.35808804585260656,0.037179982845359075,
0.17996540602584105,0.0013571435640597506,0.025133472553355483,0.3983676956977583,0.03495054880642813,
0.17996540602584105,0.0013571435640597506,0.025133472553355483,0.3983676956977583,0.03495054880642813,
0.17244982027059869,0.0013680151504684578,0.025691023615722106,0.4065548374064817,0.03326099473937276,
0.17244982027059869,0.0013680151504684578,0.025691023615722106,0.4065548374064817,0.03326099473937276,
0.1819551283820483,0.0013407039606458898,0.025514638159935404,0.36781312413702605,0.03443301950650081,
0.18064325407761245,0.0014375392110261658,0.026897766770851473,0.413315297918524,0.03548877179588912,
0.16687079387127682,0.0013346461660274126,0.025069071344426423,0.4304950323584128,0.034103771655502886,
0.16053833880745072,0.0013222753882128862,0.0262342645457882,0.43679371121820654,0.032976932566316515,
0.16932668114490562,0.001402532616765633,0.026555414830819316,0.4590645097868924,0.034624823163427784,
0.17008643217780928,0.0013391702014054008,0.027307114669555484,0.4407854750304949,0.03491885257411588,
0.1750424461414108,0.0011370986316164464,0.023487943693246582,0.46471626843224584,0.033483731132250436,
0.16506509348486184,0.0010503236049990202,0.022431654213385437,0.4656529574915602,0.032057427325655995,
0.14876772230816968,0.0010059281685957876,0.022228487271964685,0.47622192308889355,0.032511624139593326,
0.16399783955498878,0.00107719515991136,0.022024937134319328,0.5061917849174303,0.031894839198413336,
0.16027735804694976,0.0011504441744293555,0.01955315124455914,0.5378579036015596,0.03360965561102461,
0.16486829808945208,0.0011578821418825815,0.018741318934581464,0.5295278456426421,0.037802416661416705,
0.16873376433594953,0.001197251465089211,0.019055987606948842,0.4815577049032528,0.037208468028874904,
0.16873376433594953,0.001197251465089211,0.019055987606948842,0.4815577049032528,0.037208468028874904,
0.1670241614240912,0.0012724930140558955,0.01775491456588324,0.5214869370600693,0.04194121168891436,
0.18146259675942006,0.0010875570094432746,0.017994871937378632,0.5453884274447793,0.03907620052736775,
0.19508686072615894,0.0010882105441934976,0.017302430627458062,0.5158584711747378,0.03785324721392661,
0.18566786726782541,0.001014630364116741,0.01762196656344788,0.5431177541078026,0.04058030164488222,
0.19931090231474835,0.0010499766578206842,0.016842236471054043,0.5534929852205271,0.039957675350314754,
0.1986505734441591,0.0010714285606213264,0.01472464677356778,0.5424240012710245,0.04562292988130956,
0.19477911316059288,9.382565421391719E-4,0.01677192418353018,0.5336241852397396,0.04914442525061473,
0.183661456743539,9.089482917346029E-4,0.016898353160004136,0.4950078875337109,0.04907591044481626,
0.1894015979041584,8.468183826756698E-4,0.01653311382398601,0.5004703866249395,0.050212601048763565,
0.18747340424190173,8.893040855598012E-4,0.0180605326081509,0.4407103355440741,0.05208405401777323,
0.18008781912900423,8.794833278729213E-4,0.017241695402345613,0.4149917536924319,0.044609991947101205,
0.17380395694827744,8.507553664929957E-4,0.0172079621737377,0.38507588783506647,0.04449011991497004,
0.17380395694827744,8.507553664929957E-4,0.0172079621737377,0.38507588783506647,0.04449011991497004,
0.17380395694827744,8.507553664929957E-4,0.0172079621737377,0.38507588783506647,0.04449011991497004,
0.18270273830612915,8.048268031819476E-4,0.015708989032801917,0.378603074407006,0.0463983892470291,
0.1775520539191981,7.570843229402476E-4,0.014830721435157297,0.43794122068719243,0.04301795653540897,
0.1758108148902146,7.974068256452465E-4,0.0152382293789324,0.46285754147090347,0.04091153773375549,
0.17037067840220765,7.169870233879548E-4,0.014840043190012525,0.5084456417779776,0.04042770809611513,
0.15595775845170132,7.379640185326643E-4,0.016205426311112995,0.5278717707347639,0.04015532257013347,
0.15595775845170132,7.379640185326643E-4,0.016205426311112995,0.5278717707347639,0.04015532257013347,
0.15595775845170132,7.379640185326643E-4,0.016205426311112995,0.5278717707347639,0.04015532257013347,
0.16738689759467748,7.14441517548355E-4,0.018704154579391823,0.555160819452023,0.042699068044635406,
0.16064228765255967,7.714051539137984E-4,0.01853444089833191,0.5358792293450935,0.04022792280223153,
0.15482367894121069,8.134818526732948E-4,0.018070507840130902,0.5159144121369986,0.03925052556335626,
0.13933820984125908,8.035536719527442E-4,0.017411398102329854,0.47658440932281887,0.03927467446691514,
0.1442673202258616,7.686546003551759E-4,0.017070097835108756,0.48114348515011307,0.03933993181033366,
0.14130967139994882,7.501706283850522E-4,0.017292818057138476,0.5061902935661717,0.0392082080240991,
0.14630287236014766,8.6844339223873E-4,0.01691820970808556,0.5155423063178055,0.0379576092296436,
0.15917765665886344,8.244669717850688E-4,0.015571161377861003,0.64622354095423,0.03783092355844721,
0.16579442160715807,9.706890055249758E-4,0.017054577930810486,0.6004796567530645,0.04498902649880552,
0.149669642770485,9.941418121491776E-4,0.016495512583027627,0.6714109396553264,0.04143718671668449,
0.14990408168797523,0.0010076242974820706,0.016783391076149554,0.6601407970213858,0.04128672955682613,
0.14990408168797523,0.0010076242974820706,0.016783391076149554,0.6601407970213858,0.04128672955682613,
0.14955105687077538,0.0011433887238124505,0.016280978897390136,0.6872625088691027,0.04617347558544224,
0.14934146407296456,0.001268555463158896,0.01702670191323456,0.6884163667286881,0.04605544723590492,
0.1465034958933515,0.0012256700234521483,0.01633021155340451,0.6929738707625337,0.04780068818116171,
0.15648280136875706,0.0013121306304865175,0.017701552421023694,0.7074831766445733,0.04671186371596338,
0.14281009060591546,0.001214499017051553,0.01692321083337631,0.5997800371186026,0.042298524128464715,
0.14567050558717443,0.0010729288418871367,0.016786452256077403,0.5132503122948924,0.041986530433664584,
0.15141943359471494,0.0011736920653666566,0.017451575397604287,0.602173359712423,0.04247223072959229,
0.13844978113836662,0.0011285833652204032,0.017376963547223193,0.6223340545228719,0.04594740363746534,
0.13844978113836662,0.0011285833652204032,0.017376963547223193,0.6223340545228719,0.04594740363746534,
0.13844978113836662,0.0011285833652204032,0.017376963547223193,0.6223340545228719,0.04594740363746534,
0.13844978113836662,0.0011285833652204032,0.017376963547223193,0.6223340545228719,0.04594740363746534,
0.13844978113836662,0.0011285833652204032,0.017376963547223193,0.6223340545228719,0.04594740363746534,
0.13862314611477172,0.0011509726541272139,0.01770669138313694,0.5566071296576849,0.04290668413961408,
0.1454416573780485,0.001121568450498449,0.018570113591892094,0.5480404427369393,0.04168079495169154,
0.14589031027327815,0.0010612052735758015,0.019155253849064115,0.5790629258354114,0.04046282548999173,
0.13721179578201795,0.0011589382535111355,0.020260817489831127,0.5779734033428675,0.042440622800740846,
0.14784790784953394,0.0012178381089474643,0.020904885853686286,0.5589746734341763,0.038024402752268274,
0.1463062666931919,0.0013546242344429438,0.021558256916450934,0.5701446471630099,0.038240710543508506,
0.15302677256910893,0.001415950154659751,0.025489623350606973,0.5425131548652475,0.03412204148093945,
0.17293032312938225,0.0013793824788495735,0.025143295462506546,0.5339586385196752,0.036328906264029674,
0.18986367056568082,0.0011506847933492085,0.024456581377376763,0.5613496039250868,0.039049289786543456,
0.1831801812973003,0.0011687075575093242,0.022112458173865448,0.518824825298565,0.040759841379713835,
0.181151923107637,0.0011454655931167799,0.022955565187683723,0.46819677577479135,0.04190319176958089,
0.17434786731644694,0.0011773809747486553,0.021755426321616454,0.4588479129806952,0.03920067187569448,
0.15351851736061445,0.001101480583954853,0.020694746206205792,0.49482981353917893,0.03887455108460304,
0.1499024696954871,0.0010862793479390108,0.021556151140718717,0.5317289853818137,0.03754012878254468,
0.16236194708418145,0.001142098395860715,0.020249393992230174,0.5596764129620525,0.038940543478699526,
0.16236194708418145,0.001142098395860715,0.020249393992230174,0.5596764129620525,0.038940543478699526,
0.16236194708418145,0.001142098395860715,0.020249393992230174,0.5596764129620525,0.038940543478699526,
0.1570466778158414,9.511688420006314E-4,0.023340932036019252,0.5247927689336173,0.03858718276312517,
0.16959217502456841,8.653994561664013E-4,0.021312088532331148,0.5137580961521309,0.03857527240950579,
0.1648577276717356,7.754177380855712E-4,0.024153124152915987,0.4460607084423713,0.041769728464830534,
0.1648577276717356,7.754177380855712E-4,0.024153124152915987,0.4460607084423713,0.041769728464830534,
0.1648577276717356,7.754177380855712E-4,0.024153124152915987,0.4460607084423713,0.041769728464830534,
0.1578990565079182,7.531568926439051E-4,0.026268535250240206,0.4819872653497911,0.03836919291846057,
0.16277930458860634,7.195201643835E-4,0.02875787406752138,0.5066500233288027,0.039079466846405106,
0.1518990989705929,7.05930385543408E-4,0.02863416582118679,0.5059458471302773,0.03979737711652461,
0.13611779721812275,7.487087723765924E-4,0.02857931041927436,0.5005662251050589,0.03810696995399227,
0.13821700612940652,7.119929990560426E-4,0.029336913852895125,0.501432350191648,0.03765178718935771,
0.13881265833890577,7.45616169589408E-4,0.028248060676383843,0.5100255545985884,0.03717202351289603,
0.1364357766206434,8.205392103911779E-4,0.026394589253864245,0.47607865666268545,0.036876328024119755,
0.13760570533917224,8.002654682038729E-4,0.02716294328981334,0.46415442413059615,0.036719776524904026,
0.16018912588748307,7.747311094953118E-4,0.02714663330637066,0.4213524487600573,0.03889045809548905,
0.16447614618998047,8.348543590228617E-4,0.025929857802241732,0.4265054542353044,0.04118320177103216,
0.1565980779401881,9.049011395776926E-4,0.02599075475255026,0.4353020226253669,0.053280250385115656,
0.14551194749471977,8.951017400584702E-4,0.025469175807336288,0.45243257499285755,0.05472101526106963,
0.13865511199423494,8.780956190023831E-4,0.024979965231520556,0.4719811341295652,0.052171402894407554,
0.1304472899515091,8.774508175458257E-4,0.024138828372351318,0.4769023542243796,0.049873268884416386,
0.14555346392841778,8.32122103992982E-4,0.025109937319071487,0.5779553857707405,0.040451060578856196,
0.12925982796970273,8.406157146464161E-4,0.022493012515693522,0.5211296640329592,0.039873798422364284,
0.14514037280425213,9.73659611720484E-4,0.022939607262656786,0.545349732413475,0.04045964020268749,
0.14602469901566184,9.911568385922778E-4,0.01934858962930067,0.624219119624153,0.03818395414003729,
0.13835117615272224,0.0010019909247451137,0.02011221950673525,0.56803373052518,0.0386630466394965,
0.13951782458956632,8.961780959352411E-4,0.018220448444741133,0.5838742580705091,0.038470540814132224,
0.14355921555800447,9.190371332695646E-4,0.016847810127322407,0.5819297781821249,0.035227543374075715,
0.14355921555800447,9.190371332695646E-4,0.016847810127322407,0.5819297781821249,0.035227543374075715,
0.14259932177856896,9.447828819183389E-4,0.01754584034721972,0.5560301544519989,0.03371953267741806,
0.16564028152806654,8.633676598356075E-4,0.01832266386227002,0.5795427727479313,0.03556376706600146,
0.16564028152806654,8.633676598356075E-4,0.01832266386227002,0.5795427727479313,0.03556376706600146,
0.1653998187814938,9.545243213322903E-4,0.019244862013966538,0.5413509129129525,0.03723430023832987,
0.1653998187814938,9.545243213322903E-4,0.019244862013966538,0.5413509129129525,0.03723430023832987,
0.15000144185206213,9.470108743017878E-4,0.01900632376154913,0.5858830906313615,0.03752068930891399,
0.15360363040131328,9.362137630634911E-4,0.01907137275340219,0.594408334613306,0.03842811671571048,
0.15360363040131328,9.362137630634911E-4,0.01907137275340219,0.594408334613306,0.03842811671571048,
0.15360363040131328,9.362137630634911E-4,0.01907137275340219,0.594408334613306,0.03842811671571048,
0.15360363040131328,9.362137630634911E-4,0.01907137275340219,0.594408334613306,0.03842811671571048,
0.15360363040131328,9.362137630634911E-4,0.01907137275340219,0.594408334613306,0.03842811671571048,
0.1513745204945205,9.539331488308998E-4,0.020784939566711715,0.6243832731236169,0.038819781577940346,
0.17148730067235957,9.174371952230535E-4,0.01868752529989469,0.6483888792413818,0.032700619642803457,
0.1619615150980774,9.552626329525096E-4,0.020088741257873986,0.6208660957537577,0.030713856651934966,
0.1619615150980774,9.552626329525096E-4,0.020088741257873986,0.6208660957537577,0.030713856651934966,
0.16459623915104282,9.95064003268221E-4,0.020037474254147404,0.5762846696186601,0.035143898441554286,
0.15391552405325634,8.869418600243892E-4,0.01961615536289069,0.5830389208420514,0.03730020361195619,
0.1548616871867077,8.306587891348056E-4,0.018689040818974264,0.6602523808239851,0.035462270043623165,
0.1548616871867077,8.306587891348056E-4,0.018689040818974264,0.6602523808239851,0.035462270043623165,
0.1548616871867077,8.306587891348056E-4,0.018689040818974264,0.6602523808239851,0.035462270043623165,
0.1548616871867077,8.306587891348056E-4,0.018689040818974264,0.6602523808239851,0.035462270043623165,
0.14218512556264418,9.521838224060097E-4,0.01860266078263693,0.6177470156616592,0.03855040846179109,
0.1432115024932565,9.777051196662603E-4,0.01885937677734535,0.6156256098954749,0.040388545325550265,
0.1429308657931452,0.0010242104397557917,0.019982736242669996,0.6295893702248342,0.04144859301558845,
0.1429308657931452,0.0010242104397557917,0.019982736242669996,0.6295893702248342,0.04144859301558845,
0.13797905084057915,9.894464298412133E-4,0.02036820071740756,0.6277940977734542,0.03718513584438671,
0.13797905084057915,9.894464298412133E-4,0.02036820071740756,0.6277940977734542,0.03718513584438671,
0.13797905084057915,9.894464298412133E-4,0.02036820071740756,0.6277940977734542,0.03718513584438671,
0.14137058170775882,0.0011633688455148384,0.021162428857775084,0.7108769582536065,0.03574865505053921,
0.14757344502193281,0.001107431010451066,0.020788686425182806,0.691628092923332,0.03548716110639093,
0.1550916914793681,9.283562970547344E-4,0.01865743074315701,0.7427126355236269,0.03940844247614954,
0.15875313080761289,0.0010509802504014118,0.018367885943313105,0.7422698794780509,0.0403614595399715,
0.15875313080761289,0.0010509802504014118,0.018367885943313105,0.7422698794780509,0.0403614595399715,
0.15875313080761289,0.0010509802504014118,0.018367885943313105,0.7422698794780509,0.0403614595399715,
0.16345440594917943,9.590517781419242E-4,0.018892841118957643,0.6399679832188523,0.0397808053872185,
0.15283272114320584,9.331259151459299E-4,0.018074512521880953,0.5643043547403279,0.03950858473323865,
0.15544673278848814,9.227587317134532E-4,0.022104527819551748,0.5168715830354436,0.039886025489822716,
0.16179643539078362,9.702393123451564E-4,0.02227157492384859,0.5159835669511732,0.039888209733408724,
0.17138067624910494,9.484698273226768E-4,0.022648388964674172,0.5203010085134975,0.03730077627260876,
0.16624405698764774,9.885633084254148E-4,0.01978529164851178,0.5624057296028283,0.038576478654741876,
0.187987223663167,0.0010373063387551084,0.017777654115771042,0.5523872265913186,0.040587840659847,
0.18680240598847264,9.82135979079933E-4,0.019499488241737452,0.5631052332960416,0.040775926275413855,
0.19830395597109662,0.0011165777212522512,0.019085491434521786,0.5965054924923228,0.03883060275529426,
0.20283502467161743,0.001175514469152988,0.019949604224158996,0.5445241671120757,0.037586002596581444,
0.1915548723625038,0.0010622931859183117,0.02187182917585812,0.5745858531221563,0.037676213695052634,
0.19385573344231835,0.001117686419771787,0.0235531930933731,0.5923610070501961,0.03599976054960795,
0.19385573344231835,0.001117686419771787,0.0235531930933731,0.5923610070501961,0.03599976054960795,
0.17326094483242882,0.0010978321281639876,0.02587157918514438,0.559883013442023,0.03264485162018535,
0.16512832241897782,0.0012110305446495558,0.030311618377760613,0.5718895337006082,0.032180781489260304,
0.15591173745180228,0.0012753489148026424,0.025938598782813474,0.501229601262803,0.035888619123612235,
0.14638447207074987,0.0014563727313340212,0.026072420940185463,0.513367894934559,0.03207546548500633,
0.14638447207074987,0.0014563727313340212,0.026072420940185463,0.513367894934559,0.03207546548500633,
0.15544761111404537,0.0014281415945355134,0.024816636152454163,0.5740749419323393,0.03180801667471608,
0.15087808300982197,0.0015341549132020615,0.021350998147675364,0.5655760453338236,0.04027958947085804,
0.1424666637488804,0.0013941891180488768,0.021014057467572116,0.5986084361044328,0.04000704347514297,
0.1425555035403951,0.0015400825894923635,0.01914997992993647,0.5070409535192885,0.0383232609416937,
0.15531574842795637,0.001403698081825733,0.019047395232280093,0.5061617842752557,0.04380249608176457,
0.15531574842795637,0.001403698081825733,0.019047395232280093,0.5061617842752557,0.04380249608176457,
0.15167315505958184,0.0012322979252679294,0.021296070767499255,0.5444876752521478,0.04304773758832991,
0.14938225092409094,0.0012475418138062767,0.020786338651227816,0.5564330040795499,0.04485021100427884,
0.18121039197050964,0.001138467465499926,0.02140764789922594,0.573326589372464,0.04616804544522581,
0.18121039197050964,0.001138467465499926,0.02140764789922594,0.573326589372464,0.04616804544522581,
0.16595462197957211,0.001145280319950069,0.01827624331596229,0.6049555545987815,0.052371266665675785,
0.17089871498207698,0.0011664306135649506,0.017113077100111933,0.5709525601802514,0.05427693896899828,
0.17089871498207698,0.0011664306135649506,0.017113077100111933,0.5709525601802514,0.05427693896899828,
0.1782192945650146,0.0012443880059966295,0.0202772347547341,0.5665110158175479,0.05379040892699814,
0.17395006843245905,0.0012116938799866172,0.022626722097082237,0.5641206429851751,0.05069996471242788,
0.16342977125467142,0.001268868743018832,0.02045034036418465,0.5209710159639088,0.05735292160235031,
0.17190044351225708,0.0011076093923698014,0.02113383584725502,0.524346412692099,0.05894879780614242,
0.18896544015121197,0.0011241622686647185,0.020471056508608837,0.5087740726995883,0.05778464087147787,
0.1902996530062428,0.0012185317612428029,0.02124099475369143,0.481608437872069,0.06132169141878056,
0.1855440977637354,0.0010750106408081008,0.023642616575373417,0.4813000943697833,0.06280827390293292,
0.19166676170223199,9.674092973913657E-4,0.022559039073269144,0.44164944974296394,0.06701223375200005,
0.18586442627237443,8.968612329618851E-4,0.025492123929742427,0.38728780469313295,0.05785594197118225,
0.1910418488014162,9.125343142926045E-4,0.026097386350910735,0.4100623386798865,0.058865599581516465,
0.1961987919932104,9.460677633454877E-4,0.02437433502263721,0.40415550132689354,0.06409241830603025,
0.1709378009529406,8.899022491232081E-4,0.025996486043958558,0.45788708970711944,0.06577297721744059,
0.1751715009451517,9.322056584367128E-4,0.025861657667708406,0.4366834916466459,0.06644227681658246,
0.17705908546411958,9.756845477919952E-4,0.025567545750443628,0.4154877557949359,0.06723503275806157,
0.17322281048470387,9.368607629219832E-4,0.02563149600354926,0.41790330592522235,0.07440486294590852,
0.1661401487766021,0.0010238085909794739,0.02728747830564473,0.49842751623339754,0.0703978376884499,
0.1561759450237079,9.668629229579069E-4,0.02769575155138374,0.47759802636946685,0.07389338740074894,
0.15371902382298208,0.0010099124151446623,0.026369648648912867,0.4312757653353029,0.07668550672656085,
0.15371902382298208,0.0010099124151446623,0.026369648648912867,0.4312757653353029,0.07668550672656085,
0.17739308229127995,0.001090633003126718,0.021491237912704374,0.41342450752082605,0.07831451178360062,
0.1668930283013822,0.0010470270730041145,0.020589871575800094,0.4190803012103976,0.07428034819077843,
0.1485748996036209,0.0010186499360964813,0.020880385024477515,0.4421911932846205,0.07034389743077626,
0.15366911237299208,0.0010178268168893354,0.018717352178159674,0.42901142286273,0.07266607270943014,
0.15742825447015146,9.689635841288297E-4,0.01854147949772586,0.43747530442110394,0.0686394649237993,
0.13916612807761058,0.001092132314411442,0.019891840485928874,0.4642226012315065,0.06768513291442621,
0.16731841087270402,8.899142015450229E-4,0.018371627756106835,0.4651022846274697,0.07323477355326823,
0.16705077848658084,8.130652153993143E-4,0.016760965359686134,0.4729519997236815,0.07106425112857609,
0.16841191647500994,8.475690163292361E-4,0.016351280175532872,0.49927192680112525,0.07316387289051803,
0.16841191647500994,8.475690163292361E-4,0.016351280175532872,0.49927192680112525,0.07316387289051803,
0.1770197732085632,8.175117138740493E-4,0.01916791384593755,0.4443579668931069,0.0660800818065228,
0.17519449774100726,7.672171438258401E-4,0.018131376147363532,0.5152184633123408,0.06843775547913242,
0.19309352225400295,7.404992744877607E-4,0.01878288366372516,0.526668591241132,0.07064804248506362,
0.203702969038788,8.122806806054289E-4,0.02046368136499085,0.4691634726969208,0.06713064266710424,
0.17558570079597288,8.694280860723239E-4,0.022715367422489086,0.4742379871561363,0.0656046739264019,
0.17858236351924708,9.712396992030023E-4,0.0204873878059889,0.5356874659349223,0.06238472872467119,
0.1749803098150805,0.001140588202983543,0.019629373472131586,0.5284801640759456,0.057552023503693386,
0.15637873324562174,0.0011387531049564083,0.021355914917397963,0.5401544638027979,0.05750434556099394,
0.15637873324562174,0.0011387531049564083,0.021355914917397963,0.5401544638027979,0.05750434556099394,
0.15637873324562174,0.0011387531049564083,0.021355914917397963,0.5401544638027979,0.05750434556099394,
0.16815161063532136,0.0013327263791838265,0.022173521370712886,0.5935707128611385,0.05664403543481942,
0.16729086843649313,0.0013255508353355529,0.022552357962384022,0.5782983133243127,0.05484825591809699,
0.14771727646642926,0.0014437224307240382,0.025432386971182643,0.530804036344279,0.05635204676198242,
0.14771727646642926,0.0014437224307240382,0.025432386971182643,0.530804036344279,0.05635204676198242,
0.13734517146537667,0.0013578192102161872,0.027938828934186918,0.5058078889333746,0.0510356095081714,
0.15677127293454796,0.0014196169555671801,0.027050889060872888,0.49213198062343205,0.051020509711301246,
0.14586750031325801,0.0015995175862201514,0.027884984149725883,0.4475047496109082,0.04964214160174775,
0.1433500202368832,0.0015202246230742763,0.02626942513452757,0.42634628182815465,0.04707877432303673,
0.14344594568348937,0.0016746842686988488,0.026215936784330932,0.4176340974246106,0.05108652613657252,
0.14344594568348937,0.0016746842686988488,0.026215936784330932,0.4176340974246106,0.05108652613657252,
0.14344594568348937,0.0016746842686988488,0.026215936784330932,0.4176340974246106,0.05108652613657252,
0.1476761821571272,0.001641362732998326,0.02411080292672552,0.38062452127913216,0.051718010321537965,
0.14303573273176767,0.0016582099222143868,0.02080637524145878,0.3372094333538114,0.044330890757739175,
0.13195567750622716,0.0016817633797228124,0.02059295955030769,0.31541847306668513,0.04615698330065429,
0.12344517226611035,0.0015779093050171272,0.023578310561190533,0.30985824338896223,0.046327520673511646,
0.13330855468910055,0.0016661817668409242,0.023441331736402546,0.34898016231197526,0.04370090044718306,
0.13238308385406028,0.0016706062935460525,0.02538900550209005,0.3903631468625099,0.04387495839058539,
0.13272744595838473,0.0016433375901983333,0.02533968541794176,0.39119660761410346,0.046052399312384,
0.1422272175885013,0.0015315870952507557,0.024124836549194825,0.40107110567802384,0.04472065678181035,
0.16344939562370642,0.0014881848687944674,0.024857922435414563,0.382168615477098,0.04895462329878414,
0.1617715899766094,0.0016810027731168301,0.025487685635512913,0.42216116212575505,0.04633280527056662,
0.14999465124342332,0.0017074803576406442,0.0273124030420619,0.4128663061205928,0.049079533836129695,
0.15097858022466798,0.0016176676281161382,0.027021859448758193,0.40093745988072077,0.04775554065059501,
0.1621531383500041,0.0016568210846386678,0.025864195084154572,0.431532297800525,0.047779675336048065,
0.14227225222124626,0.001566155682466552,0.03016992741595239,0.41084077816006537,0.04340083874295892,
0.1525473220751767,0.001555349006596822,0.03305037368041123,0.38317221722431216,0.04221936404252753,
0.14300766565327508,0.001558192797245436,0.03500621810213615,0.33069715033584457,0.04508685617439882,
0.1697957209732179,0.0014830354347371347,0.03763342333343734,0.29865577774099233,0.044307163614034806,
0.16527416585079158,0.0015335723089714185,0.03985072909274828,0.2869431618767085,0.0429479443244429,
0.16527416585079158,0.0015335723089714185,0.03985072909274828,0.2869431618767085,0.0429479443244429,
0.16527416585079158,0.0015335723089714185,0.03985072909274828,0.2869431618767085,0.0429479443244429,
0.16527416585079158,0.0015335723089714185,0.03985072909274828,0.2869431618767085,0.0429479443244429,
0.17361165515539584,0.0013840084991727719,0.039737002598081494,0.3090496283134964,0.04484498382045523,
0.17361165515539584,0.0013840084991727719,0.039737002598081494,0.3090496283134964,0.04484498382045523,
0.16175685044771673,0.0014614444458235353,0.03949722215896701,0.29867425087649024,0.0475646467858485,
0.18462988046803505,0.0013289574379206142,0.04022470557289228,0.2876626937211608,0.049198164736143885,
0.18288149968087303,0.001182552022796989,0.039277775316205105,0.2655066249830694,0.046265855097082496,
0.17705515868702765,0.0012409291111199433,0.0398319207352764,0.2810765828101623,0.04443386376039803,
0.1681043333178326,0.0015269853928882244,0.040049092005688146,0.289950088865784,0.04392830160152686,
0.17427333062920905,0.0014484536622589184,0.041313112652838574,0.27257861418070395,0.04395763417301299,
0.1782201414611606,0.0015437747912768432,0.04237243891511428,0.2871104661276677,0.047557297783115654,
0.17175356391021218,0.001561403320716265,0.041181940051591794,0.24830312746059835,0.04720779686709866,
0.1606464292940742,0.0017458443393586333,0.04019251483968671,0.2584939274612303,0.0506609083078149,
0.15894114890425054,0.0015545009840530585,0.03933878767461766,0.29942527790123047,0.047447661343741246,
0.1578416113437931,0.0015012792010946302,0.04024088043756367,0.32415985477966486,0.044287452866142316,
0.14887348686361326,0.0015806317482045262,0.03835065341167239,0.3360756314369478,0.04236581545551365,
0.15720396312620238,0.0015364681875334922,0.03840483370907883,0.3452145608642239,0.04114551658355117,
0.1570730980717333,0.0017000010726253112,0.04237797585425018,0.3468255557845221,0.04032760007801203,
0.17125803267531736,0.0015954320833869023,0.039779623541658,0.3504240355306253,0.03843249649443887,
0.1646498020363797,0.0015510588024246139,0.04092498066683653,0.34622038335216493,0.035238229103952634,
0.16147407617148007,0.0016983528747812077,0.0383255324669869,0.373195763273157,0.0376905692710502,
0.16634606095858323,0.0016761261088397092,0.03694640520645691,0.3624094026028579,0.03786773218644848,
0.17685378677998695,0.0019253983859477313,0.039450947725968605,0.39394771733994594,0.04182231994934575,
0.1715833452580229,0.0019962415286212958,0.04253186490834736,0.4924800158195869,0.042378176611055585,
0.16940080664341817,0.0021144657530579266,0.04513231703621432,0.44941853485590627,0.04655802861595006,
0.16940080664341817,0.0021144657530579266,0.04513231703621432,0.44941853485590627,0.04655802861595006,
0.1701471123829714,0.001982905896528927,0.03852983091520859,0.45376455156357165,0.05347138132010332,
0.18130344138238624,0.0018700026322371335,0.03600275349980004,0.4396303690152511,0.052536252216002645,
0.18130344138238624,0.0018700026322371335,0.03600275349980004,0.4396303690152511,0.052536252216002645,
0.17580056729740498,0.0019185335164160317,0.03480790749175851,0.4527968978187815,0.0508438002715818,
0.17580056729740498,0.0019185335164160317,0.03480790749175851,0.4527968978187815,0.0508438002715818,
0.17580056729740498,0.0019185335164160317,0.03480790749175851,0.4527968978187815,0.0508438002715818,
0.18200746295525447,0.0017765602992318285,0.036771664281717444,0.4557107358979081,0.051155540002522405,
0.1907837117083609,0.0017131206520512746,0.03482194339970133,0.4768929128590215,0.05339862139496796,
0.20535305823922173,0.0015826528300503314,0.03670067126431497,0.4483007552457896,0.054701355478223836,
0.1833157514217431,0.0014458360965007922,0.03620748202012416,0.42639676033001134,0.05771943167341396,
0.18042276737171786,0.0014226985670845007,0.037647859350774485,0.4326187306772301,0.06251530871494382,
0.1588106419909756,0.0012233601240401056,0.036004447084746836,0.44939036915023145,0.06454450966988978,
0.18765401079716743,0.0010736741023434522,0.03545314418317366,0.4711862065752191,0.06883815259538123,
0.18863035315060167,0.0011030820174786418,0.029069836301233623,0.46190322992522964,0.05533226899449192,
0.19265130908213157,0.0012369087468900805,0.03054831634313955,0.4241419285641067,0.0589574841799348,
0.18675316809589532,0.0012092099953278867,0.025060772243753988,0.3652214996112211,0.052672514232560814,
0.2106125253977793,0.0012488447429782877,0.028323745840933227,0.4052944395852684,0.05303672951777777,
0.17887868522233077,0.0012966987382310633,0.023902469294895166,0.4028244152684923,0.045016186833788885,
0.19063319022912725,0.0014586224722184689,0.02527024005994328,0.44781685096595375,0.04536989265821209,
0.1655296190898457,0.0014378242338268128,0.026595723143586866,0.4813999796957164,0.04640319233905842,
0.15002655840063656,0.0014255430928172496,0.027957821889843304,0.520620540743279,0.04705337646165868,
0.14794490303191993,0.0014072677222915879,0.026208024645016467,0.48310527486698074,0.04221197897797481,
0.15419760500377172,0.0014340105107036095,0.026567749650639808,0.5391640781241291,0.04348098386512858,
0.13592445577819104,0.0015402080027785694,0.027755059618905533,0.5763359177107291,0.042840372523779105,
0.1361849566977043,0.00155260625409459,0.03023396084265451,0.6777788825298852,0.041512887505721095,
0.14982379259614761,0.001608184248473906,0.03045056931754445,0.6801504563052179,0.046056224241628196,
0.1547961803604889,0.0017116552472166346,0.0298621007315052,0.606675859157643,0.043038029753915304,
0.1613161400338156,0.0016275412996816531,0.029293150467376235,0.5570507561912363,0.0539255448839541,
0.1603417896028615,0.00175984359865415,0.027531944687835416,0.5641888647810903,0.04774094003316031,
0.15552139362281817,0.0016481867566646084,0.025345355046363045,0.5744154163086466,0.050420757708739744,
0.15900629342393383,0.0017344053140062425,0.027793689877010638,0.5807488011118354,0.051620751871420095,
0.1652980167475114,0.0017480863043811824,0.029643325908493206,0.5405141799501415,0.054575704459483065,
0.15777910226197,0.0017374547446736735,0.029413438741461614,0.5376244483802222,0.05616098249113165,
0.18415018742560668,0.0016830086616300393,0.027194099953413837,0.6073419707351906,0.05158060973758537,
0.20195367366752187,0.001531602402577215,0.028319753519411024,0.581315594973945,0.052478225308934257,
0.20759572540725976,0.001425685341707626,0.029423335899509368,0.6163473225894365,0.054646977347283826,
0.19304442228331337,0.0014104024256289425,0.029073599015660305,0.6356934613090842,0.055314335755738325,
0.21089023247440764,0.0015706400046496401,0.03302963369166588,0.637973506784066,0.0569136219794029,
0.1936797210123643,0.0015370780570389292,0.032974807023002296,0.6252002974561025,0.05574761088368332,
0.1936797210123643,0.0015370780570389292,0.032974807023002296,0.6252002974561025,0.05574761088368332,
0.1849044532596521,0.0016078172131233578,0.02932551627711671,0.5999486737106768,0.05458538957505452,
0.16697557227667978,0.0016247372321847513,0.03026789712043059,0.6102136227480671,0.059386150208468644,
0.17154026931122401,0.0016329440747240816,0.02783878527565531,0.5808998277659101,0.05960699354080008,
0.17415994882971547,0.0016757541347212758,0.02734903178840821,0.5710808600717305,0.05765749318488021,
0.18286900381675025,0.0016983834294121312,0.03044218490759115,0.6240067659517569,0.05710430962317128,
0.184204936381745,0.0017130579680614613,0.03008663504298516,0.5452873966065828,0.058886812374822226,
0.1870589614403822,0.0016693112744214722,0.030417109019791506,0.5475518233895392,0.06126626267267031,
0.1852210350559001,0.0018859985743497417,0.026890763674879324,0.5690066636378004,0.05621055008986944,
0.18689295621625931,0.0018829520020359415,0.025670876774160616,0.6109948972635924,0.05175303209423363,
0.18689295621625931,0.0018829520020359415,0.025670876774160616,0.6109948972635924,0.05175303209423363,
0.16607850511031652,0.0018732525574729855,0.022855457855679134,0.6186462238446659,0.0464575425842763,
0.16269424793563664,0.0017517393002146329,0.02468084841646537,0.5890479886491103,0.04527970667678323,
0.15171863329596602,0.0016110607789332518,0.025554338172601915,0.5844075513755087,0.04697515109425869,
0.1455000962792067,0.0016623782115647544,0.026989348322622016,0.46856479453485683,0.055901746721415936,
0.1471199256093749,0.0016991226287074415,0.027720813523796774,0.48101696050882004,0.05496763675062645,
0.1471199256093749,0.0016991226287074415,0.027720813523796774,0.48101696050882004,0.05496763675062645,
0.1471199256093749,0.0016991226287074415,0.027720813523796774,0.48101696050882004,0.05496763675062645,
0.1471199256093749,0.0016991226287074415,0.027720813523796774,0.48101696050882004,0.05496763675062645,
0.15173960656402669,0.0015671060568182849,0.027769427011054545,0.41729346073183843,0.051003274446019,
0.15343656395901856,0.0015766633515798664,0.02808692138306225,0.4203728252741744,0.047283131013495114,
